acct_nbr,cust_id,account_active,acct_start_date,acct_end_date,starting_balance,ending_balance,CC  ,CK  ,SV  
13628063,1362806,1,1995-12-10,,1430.22,284.58,False,False,True
4561143213627090,1362709,1,1993-03-15,,266.34,496.15,True,False,False
4561143213628360,1362836,1,1992-03-18,,55.9,1000.0,True,False,False
13633112,1363311,1,1995-07-06,,11017.13,968.46,False,True,False
4561143213633610,1363361,1,1994-06-17,,849.37,462.28,True,False,False
4561143213631020,1363102,1,1995-11-30,,0.0,1000.0,True,False,False
4561143213633270,1363327,1,1995-04-02,,0.0,3000.0,True,False,False
13628972,1362897,1,1995-08-01,,152.12,52.33,False,True,False
4561143213632370,1363237,0,1993-01-24,1995-01-30,8649.37,0.0,True,False,False
13627202,1362720,1,1995-11-14,,1074.16,216.74,False,True,False
4561143213632430,1363243,1,1991-06-26,,1025.87,110.03,True,False,False
13629452,1362945,1,1992-02-22,,204.67,375.14,False,True,False
13626413,1362641,0,1988-11-28,1995-12-06,139.95,141.92,False,False,True
13633773,1363377,1,1994-07-01,,610.91,1782.06,False,False,True
4561143213627930,1362793,1,1991-10-16,,714.43,407.08,True,False,False
13629403,1362940,1,1993-09-22,,165.68,778.84,False,False,True
4561143213627820,1362782,1,1994-06-02,,216.82,1136.06,True,False,False
4561143213631650,1363165,1,1989-09-10,,261.21,429.34,True,False,False
13625912,1362591,1,1993-06-23,,3390.49,920.44,False,True,False
4561143213632100,1363210,1,1995-01-26,,0.0,889.68,True,False,False
13628233,1362823,1,1992-06-08,,428.17,491.88,False,False,True
4561143213633950,1363395,0,1987-01-26,1995-05-19,3072.77,730.0,True,False,False
13631472,1363147,1,1993-12-13,,205.58,331.93,False,True,False
4561143213629170,1362917,1,1995-12-13,,0.0,6800.0,True,False,False
13625292,1362529,0,1994-09-08,1995-08-17,771.72,1007.92,False,True,False
4561143213627010,1362701,1,1995-11-08,,0.0,0.0,True,False,False
4561143213626220,1362622,0,1992-04-12,1995-07-31,2308.5,406.96,True,False,False
13630783,1363078,1,1992-08-26,,127.81,596.38,False,False,True
13626133,1362613,1,1995-12-30,,236.65,338.98,False,False,True
13633162,1363316,1,1992-02-21,,116.05,947.22,False,True,False
13633742,1363374,1,1995-05-16,,237.33,0.0,False,True,False
4561143213627440,1362744,1,1988-04-08,,328.5,682.28,True,False,False
13631342,1363134,1,1990-02-18,,163.08,0.0,False,True,False
13631852,1363185,0,1994-08-02,1995-09-22,2713.04,867.84,False,True,False
13630312,1363031,1,1990-10-03,,629.03,1938.99,False,True,False
13631803,1363180,1,1995-06-26,,766.58,405.61,False,False,True
13629592,1362959,0,1991-09-07,1995-03-29,924.76,4601.37,False,True,False
4561143213632800,1363280,1,1993-03-10,,328.17,1000.0,True,False,False
4561143213624870,1362487,1,1995-08-08,,0.0,1548.23,True,False,False
13627082,1362708,1,1993-08-04,,279.44,325.81,False,True,False
13632053,1363205,0,1994-01-28,1995-12-22,119.55,1240.58,False,False,True
13633393,1363339,1,1994-11-26,,182.39,522.48,False,False,True
13634712,1363471,1,1995-07-07,,204.13,153.91,False,True,False
13628302,1362830,1,1992-10-29,,114.07,528.25,False,True,False
13630362,1363036,1,1995-07-16,,3301.91,41.36,False,True,False
13625873,1362587,1,1995-01-31,,628.68,1596.17,False,False,True
13632672,1363267,1,1992-04-30,,1088.96,612.74,False,True,False
13629322,1362932,1,1994-04-18,,384.55,500.83,False,True,False
4561143213633070,1363307,1,1994-04-09,,2484.57,1199.3,True,False,False
13629243,1362924,1,1994-03-08,,5131.67,5287.76,False,False,True
13625842,1362584,1,1995-05-01,,119.01,12.5,False,True,False
13629792,1362979,1,1990-12-05,,254.2,292.07,False,True,False
13626172,1362617,1,1995-10-30,,237.72,53.6,False,True,False
13632222,1363222,1,1995-12-16,,189.85,839.81,False,True,False
4561143213629850,1362985,1,1995-05-06,,0.0,1000.0,True,False,False
13628272,1362827,1,1994-05-09,,2569.45,17.21,False,True,False
4561143213630080,1363008,0,1988-08-25,1995-09-30,1900.34,10.0,True,False,False
13633313,1363331,1,1991-06-06,,905.15,743.04,False,False,True
4561143213627420,1362742,1,1994-06-23,,2540.56,15.74,True,False,False
13628903,1362890,0,1990-05-23,1995-01-18,104.78,104.78,False,False,True
13628252,1362825,0,1992-11-10,1995-07-25,2767.55,306.26,False,True,False
13633542,1363354,1,1994-03-27,,1045.26,48.9,False,True,False
13632863,1363286,0,1991-05-03,1995-03-25,117.92,1289.52,False,False,True
13631353,1363135,0,1990-04-29,1995-06-19,533.67,540.37,False,False,True
13634223,1363422,0,1993-12-01,1995-02-05,423.51,14.34,False,False,True
13634923,1363492,1,1991-12-31,,952.38,1116.1,False,False,True
13634043,1363404,1,1995-02-22,,114.29,550.73,False,False,True
13630703,1363070,1,1995-10-08,,819.37,844.28,False,False,True
13633132,1363313,1,1994-12-06,,170.09,10.42,False,True,False
13633553,1363355,1,1995-03-07,,2062.29,2229.96,False,False,True
13625092,1362509,1,1994-11-05,,182.38,10.7,False,True,False
13629712,1362971,1,1995-09-06,,3365.88,185.4,False,True,False
13630143,1363014,1,1995-07-10,,171.98,174.61,False,False,True
13633363,1363336,1,1993-01-10,,241.37,126.05,False,False,True
4561143213626020,1362602,1,1993-01-21,,4826.62,1661.44,True,False,False
13627002,1362700,1,1995-05-28,,2729.91,4494.03,False,True,False
13633522,1363352,1,1995-12-11,,1290.57,851.45,False,True,False
13631943,1363194,0,1990-09-25,1995-04-21,210.5,455.67,False,False,True
13626373,1362637,1,1991-06-11,,347.66,44.79,False,False,True
4561143213632940,1363294,1,1995-12-26,,0.0,3157.9,True,False,False
13626433,1362643,0,1992-02-27,1995-09-16,135.78,494.84,False,False,True
13630913,1363091,1,1995-11-05,,2303.88,2338.68,False,False,True
13625122,1362512,1,1993-01-25,,2806.97,1295.93,False,True,False
13632683,1363268,1,1989-06-25,,498.64,180.08,False,False,True
4561143213627030,1362703,1,1991-08-11,,1237.86,947.81,True,False,False
4561143213634850,1363485,1,1989-07-05,,4161.24,1000.0,True,False,False
13631592,1363159,1,1995-01-04,,346.65,35.8,False,True,False
13625262,1362526,1,1995-06-26,,2885.72,140.01,False,True,False
13625012,1362501,1,1987-01-13,,356.4,1.8,False,True,False
13631452,1363145,1,1995-01-22,,186.89,168.44,False,True,False
4561143213633110,1363311,1,1995-12-03,,0.0,2700.0,True,False,False
13631403,1363140,1,1995-01-05,,106.46,896.45,False,False,True
13626852,1362685,1,1993-10-13,,450.2,516.78,False,True,False
13626872,1362687,1,1989-09-02,,139.66,194.38,False,True,False
4561143213627200,1362720,1,1995-08-07,,0.0,1000.0,True,False,False
13632163,1363216,1,1995-08-13,,136.52,105.54,False,False,True
4561143213629450,1362945,1,1992-05-24,,288.79,505.56,True,False,False
4561143213629470,1362947,1,1995-10-27,,0.0,1000.0,True,False,False
13631712,1363171,1,1993-06-17,,5022.25,17.68,False,True,False
13633462,1363346,1,1994-09-04,,4428.89,1290.34,False,True,False
13632413,1363241,1,1989-12-27,,273.49,1649.8,False,False,True
4561143213631170,1363117,1,1992-06-04,,1568.22,1112.8,True,False,False
4561143213633160,1363316,1,1993-08-11,,770.33,1000.0,True,False,False
13634562,1363456,1,1995-03-11,,113.11,1051.46,False,True,False
4561143213631850,1363185,1,1995-09-18,,0.0,1000.0,True,False,False
4561143213634470,1363447,1,1995-10-06,,0.0,1000.0,True,False,False
4561143213627080,1362708,1,1992-01-08,,275.64,1000.0,True,False,False
4561143213625780,1362578,1,1993-07-11,,136.14,731.2,True,False,False
13633333,1363333,1,1993-07-28,,685.35,1896.2,False,False,True
13630293,1363029,1,1989-11-16,,244.25,304.93,False,False,True
13628052,1362805,1,1987-01-03,,259.18,14.76,False,True,False
4561143213624850,1362485,1,1992-04-13,,282.38,1100.0,True,False,False
4561143213628300,1362830,1,1994-02-14,,640.41,88.21,True,False,False
4561143213631870,1363187,1,1988-05-28,,1498.51,2300.0,True,False,False
4561143213632220,1363222,1,1992-01-21,,107.4,1000.0,True,False,False
13629043,1362904,1,1992-06-16,,198.9,201.9,False,False,True
13632133,1363213,1,1995-03-29,,285.4,289.72,False,False,True
13632652,1363265,1,1995-12-15,,3270.92,805.19,False,True,False
13632723,1363272,1,1995-07-10,,165.83,711.81,False,False,True
13631792,1363179,1,1994-06-16,,2608.77,36.7,False,True,False
13628682,1362868,1,1993-02-15,,265.43,609.04,False,True,False
4561143213625620,1362562,1,1995-11-04,,0.0,9500.0,True,False,False
13633372,1363337,1,1995-03-05,,8494.05,1180.64,False,True,False
13632543,1363254,0,1993-12-04,1995-08-28,2001.91,2019.49,False,False,True
13634532,1363453,1,1993-03-30,,216.97,0.0,False,True,False
13625932,1362593,1,1995-08-22,,4116.15,168.63,False,True,False
13632523,1363252,1,1995-02-03,,179.27,181.99,False,False,True
13633182,1363318,1,1995-03-03,,102.33,89.49,False,True,False
4561143213633540,1363354,1,1991-01-18,,2718.93,3000.0,True,False,False
13627362,1362736,1,1993-06-24,,2783.01,2014.49,False,True,False
13633383,1363338,1,1993-06-22,,293.58,675.18,False,False,True
13627913,1362791,1,1994-02-24,,158.15,492.11,False,False,True
4561143213634590,1363459,1,1995-10-14,,0.0,3000.0,True,False,False
4561143213630570,1363057,1,1992-01-08,,1010.39,938.43,True,False,False
13628573,1362857,1,1991-01-20,,659.39,196.62,False,False,True
4561143213625910,1362591,1,1994-10-31,,853.5,1548.57,True,False,False
13632833,1363283,1,1995-04-18,,166.05,2.74,False,False,True
13625982,1362598,0,1992-05-12,1995-03-13,6819.83,13.54,False,True,False
13630382,1363038,1,1995-07-29,,517.85,459.03,False,True,False
4561143213631470,1363147,1,1991-11-06,,145.67,202.99,True,False,False
4561143213630750,1363075,1,1989-02-13,,43.95,397.19,True,False,False
13629642,1362964,1,1991-10-09,,2173.35,621.41,False,True,False
13626452,1362645,1,1994-06-18,,546.72,1195.54,False,True,False
13629023,1362902,1,1990-11-11,,184.9,1554.71,False,False,True
4561143213629710,1362971,1,1995-03-09,,0.0,1600.0,True,False,False
13627963,1362796,1,1989-01-15,,680.95,1087.47,False,False,True
13625713,1362571,1,1991-02-23,,2053.57,1741.09,False,False,True
13628112,1362811,1,1995-02-14,,2599.7,278.54,False,True,False
13630063,1363006,1,1994-11-20,,242.01,245.66,False,False,True
13627293,1362729,1,1993-04-21,,120.41,122.21,False,False,True
4561143213627000,1362700,1,1990-02-14,,369.78,107.4,True,False,False
13629732,1362973,1,1995-02-01,,2803.5,898.28,False,True,False
13632172,1363217,0,1994-09-13,1995-12-29,2658.69,110.53,False,True,False
13630123,1363012,1,1995-05-08,,474.6,481.77,False,False,True
13629782,1362978,1,1994-06-13,,7035.43,278.86,False,True,False
4561143213625290,1362529,0,1992-02-02,1995-12-31,1481.64,433.43,True,False,False
13630972,1363097,1,1994-11-07,,220.02,26.6,False,True,False
13634653,1363465,1,1994-04-27,,573.48,590.92,False,False,True
4561143213625260,1362526,1,1994-09-11,,4400.06,1982.36,True,False,False
4561143213633740,1363374,1,1995-11-02,,0.0,0.0,True,False,False
4561143213626870,1362687,1,1995-04-30,,0.0,481.97,True,False,False
4561143213632040,1363204,1,1995-08-12,,0.0,1200.0,True,False,False
4561143213627770,1362777,1,1995-04-09,,0.0,1868.87,True,False,False
13628773,1362877,1,1993-03-16,,311.74,629.45,False,False,True
13626322,1362632,1,1993-12-05,,6813.85,39.58,False,True,False
13630933,1363093,0,1986-05-30,1995-10-10,273.8,86.31,False,False,True
13629622,1362962,1,1992-12-14,,306.17,309.49,False,True,False
4561143213629590,1362959,0,1989-08-04,1995-12-06,3094.22,20.0,True,False,False
13628363,1362836,0,1991-08-29,1995-10-10,237.76,1009.19,False,False,True
13628812,1362881,0,1992-04-17,1995-10-06,351.11,0.0,False,True,False
13625032,1362503,1,1994-09-01,,2176.17,535.61,False,True,False
4561143213628950,1362895,1,1995-10-03,,0.0,1300.0,True,False,False
13629992,1362999,1,1993-06-02,,4089.6,3.96,False,True,False
13628162,1362816,1,1995-10-01,,4173.06,19.72,False,True,False
13633613,1363361,0,1992-09-07,1995-06-04,195.18,172.8,False,False,True
13627213,1362721,1,1994-03-25,,167.33,48.22,False,False,True
13633273,1363327,1,1995-04-02,,278.05,401.43,False,False,True
13625422,1362542,1,1994-06-25,,2865.66,0.0,False,True,False
13629702,1362970,1,1995-01-10,,411.71,555.82,False,True,False
13626403,1362640,1,1994-06-08,,573.39,1698.93,False,False,True
13632373,1363237,1,1995-08-09,,745.49,756.74,False,False,True
4561143213634710,1363471,1,1995-07-10,,0.0,3229.66,True,False,False
13632433,1363243,0,1991-05-21,1995-08-06,310.62,760.1,False,False,True
13628393,1362839,1,1992-06-01,,4386.32,3420.03,False,False,True
4561143213632650,1363265,1,1995-05-20,,0.0,133.12,True,False,False
4561143213630360,1363036,1,1995-04-06,,0.0,1200.0,True,False,False
13629502,1362950,1,1995-02-16,,163.97,163.22,False,True,False
13631673,1363167,1,1987-04-17,,1256.54,1296.4,False,False,True
13630903,1363090,1,1995-10-20,,156.33,158.73,False,False,True
4561143213632670,1363267,1,1995-01-27,,0.0,1271.39,True,False,False
13627933,1362793,1,1994-10-11,,966.32,404.56,False,False,True
4561143213625840,1362584,1,1995-09-13,,0.0,1000.0,True,False,False
13633663,1363366,1,1995-11-23,,465.29,7471.81,False,False,True
13625282,1362528,1,1986-01-13,,2533.32,1087.54,False,True,False
13629912,1362991,1,1993-06-01,,177.38,77.44,False,True,False
4561143213626170,1362617,1,1995-08-13,,0.0,306.84,True,False,False
13627823,1362782,1,1994-02-06,,150.85,268.13,False,False,True
13625902,1362590,1,1993-04-08,,2782.79,1053.25,False,True,False
4561143213625930,1362593,1,1995-05-30,,0.0,689.96,True,False,False
13633482,1363348,0,1991-04-06,1995-09-06,4663.36,1244.93,False,True,False
4561143213627360,1362736,1,1994-02-13,,862.8,328.79,True,False,False
13634582,1363458,1,1992-06-14,,285.41,2.5,False,True,False
13631782,1363178,1,1993-01-31,,383.35,48.73,False,True,False
13632883,1363288,1,1994-05-23,,1049.82,244.85,False,False,True
13629292,1362929,1,1987-01-08,,1017.61,20.65,False,True,False
13625563,1362556,1,1989-01-21,,519.43,439.42,False,False,True
13631582,1363158,1,1994-03-04,,2659.16,1080.81,False,True,False
13628492,1362849,1,1991-10-13,,173.86,3.98,False,True,False
13626223,1362622,1,1989-04-08,,9223.34,13404.16,False,False,True
13626243,1362624,1,1993-06-18,,364.47,1028.01,False,False,True
4561143213625980,1362598,0,1994-06-24,1995-12-03,1801.88,20.0,True,False,False
4561143213628250,1362825,1,1992-08-29,,968.22,1000.0,True,False,False
13624873,1362487,0,1994-06-27,1995-08-25,651.73,12.89,False,False,True
13628753,1362875,1,1993-07-07,,128.91,449.66,False,False,True
4561143213629640,1362964,1,1995-03-19,,0.0,1000.0,True,False,False
13633352,1363335,1,1995-07-11,,167.53,65.64,False,True,False
13629212,1362921,1,1992-06-15,,266.04,0.0,False,True,False
13634622,1363462,1,1991-10-22,,2504.19,2421.03,False,True,False
4561143213628110,1362811,1,1994-04-03,,109.23,1000.0,True,False,False
13628553,1362855,1,1995-03-21,,167.71,161.04,False,False,True
4561143213629730,1362973,1,1995-02-01,,0.0,734.81,True,False,False
13627093,1362709,1,1995-09-08,,134.28,917.33,False,False,True
13633922,1363392,1,1993-12-21,,2723.71,87.69,False,True,False
4561143213633130,1363313,1,1993-12-02,,875.86,11.12,True,False,False
13625733,1362573,1,1990-06-17,,10712.86,10399.11,False,False,True
13631642,1363164,1,1988-04-17,,315.15,312.13,False,True,False
13627302,1362730,0,1993-12-15,1995-11-08,224.6,19.1,False,True,False
4561143213625090,1362509,0,1993-09-11,1995-06-03,877.49,10.0,True,False,False
13633073,1363307,0,1994-12-30,1995-07-09,304.25,265.35,False,False,True
13631732,1363173,1,1995-08-07,,139.57,138.38,False,True,False
4561143213628810,1362881,1,1991-08-31,,490.96,440.26,True,False,False
4561143213633520,1363352,1,1994-03-14,,700.99,906.54,True,False,False
13631992,1363199,0,1994-03-02,1995-11-29,2548.35,1248.05,False,True,False
13625202,1362520,1,1995-02-06,,579.16,333.11,False,True,False
13629853,1362985,1,1995-01-22,,790.76,1967.7,False,False,True
13632152,1363215,1,1988-08-21,,7673.23,4645.09,False,True,False
13627612,1362761,1,1993-01-03,,2548.88,8.21,False,True,False
13631653,1363165,1,1990-10-26,,273.67,57.08,False,False,True
13629262,1362926,1,1994-07-11,,4216.03,3.39,False,True,False
13632103,1363210,1,1995-08-04,,112.25,52.26,False,False,True
4561143213628160,1362816,1,1991-09-09,,1182.52,3000.0,True,False,False
4561143213633830,1363383,1,1992-07-07,,1069.93,0.0,True,False,False
13630083,1363008,1,1992-12-29,,9066.08,9341.84,False,False,True
13634702,1363470,1,1989-06-11,,4068.99,1790.37,False,True,False
13627423,1362742,1,1992-09-19,,123.32,844.14,False,False,True
13633953,1363395,1,1987-01-26,,134.14,136.18,False,False,True
13631702,1363170,1,1993-01-13,,2737.15,329.36,False,True,False
4561143213625120,1362512,1,1993-01-25,,565.56,1880.46,True,False,False
13627272,1362727,1,1994-04-21,,946.93,392.05,False,True,False
13630952,1363095,1,1995-10-20,,1242.77,187.99,False,True,False
4561143213625420,1362542,0,1989-03-31,1995-12-25,2169.53,20.0,True,False,False
13627013,1362701,1,1995-06-03,,204.92,1805.16,False,False,True
13624842,1362484,1,1993-01-02,,2613.46,95.32,False,True,False
4561143213631590,1363159,0,1994-01-05,1995-07-21,959.72,10.0,True,False,False
13631912,1363191,0,1993-11-17,1995-11-12,294.95,343.52,False,True,False
13634502,1363450,1,1995-07-03,,223.78,210.73,False,True,False
4561143213625280,1362528,1,1986-01-13,,575.35,540.09,True,False,False
13627443,1362744,1,1987-08-02,,127.54,1797.22,False,False,True
13625572,1362557,1,1995-09-08,,2145.27,147.06,False,True,False
4561143213625010,1362501,1,1993-11-03,,3232.19,47.2,True,False,False
4561143213633480,1363348,1,1991-02-18,,232.29,1800.0,True,False,False
13630662,1363066,0,1994-02-27,1995-03-13,319.01,19.83,False,True,False
4561143213632870,1363287,1,1992-09-28,,719.04,991.56,True,False,False
13632803,1363280,1,1993-06-25,,123.96,1706.87,False,False,True
4561143213634580,1363458,1,1994-01-27,,23.73,596.63,True,False,False
4561143213626850,1362685,1,1995-05-12,,0.0,1208.1,True,False,False
13631962,1363196,1,1993-06-24,,456.54,521.66,False,True,False
4561143213627750,1362775,1,1992-05-24,,466.06,629.25,True,False,False
13628372,1362837,1,1995-09-24,,2798.78,530.92,False,True,False
13625082,1362508,1,1989-10-01,,2646.2,75.11,False,True,False
13628432,1362843,1,1994-04-17,,3748.74,3907.34,False,True,False
4561143213631710,1363171,1,1987-08-23,,1396.7,1800.0,True,False,False
13626642,1362664,1,1991-10-04,,4140.94,2683.65,False,True,False
13632472,1363247,1,1992-01-16,,236.39,458.81,False,True,False
13626023,1362602,1,1995-01-29,,1269.7,2735.3,False,False,True
4561143213625060,1362506,1,1995-06-13,,0.0,4216.53,True,False,False
13628102,1362810,1,1993-12-25,,2730.32,344.33,False,True,False
13633242,1363324,1,1994-08-25,,4010.41,2325.37,False,True,False
4561143213628490,1362849,1,1994-05-24,,1057.28,515.69,True,False,False
13634292,1363429,1,1994-09-30,,295.27,299.71,False,True,False
13631292,1363129,1,1995-08-11,,2654.13,88.34,False,True,False
13632342,1363234,1,1989-12-21,,369.4,31.19,False,True,False
13628383,1362838,1,1994-12-18,,279.57,1013.94,False,False,True
13628522,1362852,0,1994-06-03,1995-05-16,3616.64,59.5,False,True,False
13629122,1362912,1,1994-03-13,,174.15,12.7,False,True,False
13626043,1362604,1,1995-06-26,,232.26,233.76,False,False,True
4561143213633350,1363335,1,1994-07-12,,134.18,806.94,True,False,False
4561143213628050,1362805,1,1987-01-03,,282.88,300.0,True,False,False
13626653,1362665,1,1992-10-05,,2237.75,2144.37,False,False,True
13634142,1363414,1,1993-04-08,,3292.84,2438.22,False,True,False
4561143213634620,1363462,1,1991-10-22,,2822.43,3000.0,True,False,False
13634212,1363421,1,1988-09-19,,2624.85,918.69,False,True,False
13627033,1362703,1,1992-04-10,,7144.42,7144.39,False,False,True
4561143213628680,1362868,1,1994-09-23,,691.83,1000.0,True,False,False
13633113,1363311,1,1995-03-07,,636.72,299.67,False,False,True
13632943,1363294,1,1994-06-06,,741.25,763.8,False,False,True
13634932,1363493,1,1994-05-20,,6123.84,2053.9,False,True,False
13634842,1363484,1,1995-03-24,,2600.97,233.06,False,True,False
4561143213631640,1363164,1,1988-11-05,,476.61,1200.0,True,False,False
13625002,1362500,1,1995-12-04,,882.15,1470.14,False,True,False
4561143213633940,1363394,1,1995-06-09,,0.0,1000.0,True,False,False
4561143213630380,1363038,1,1995-08-06,,0.0,1800.0,True,False,False
13630112,1363011,1,1990-02-04,,12730.29,1615.18,False,True,False
13634853,1363485,1,1995-11-13,,155.4,157.76,False,False,True
13627203,1362720,1,1993-10-18,,653.94,1497.85,False,False,True
13628882,1362888,1,1995-01-04,,3443.99,4139.88,False,True,False
4561143213631730,1363173,1,1994-07-09,,345.94,1400.0,True,False,False
13634262,1363426,1,1995-12-05,,4898.05,3567.46,False,True,False
13629453,1362945,0,1991-09-16,1995-07-04,568.54,1804.89,False,False,True
4561143213626450,1362645,0,1994-09-29,1995-09-10,2071.7,20.0,True,False,False
4561143213625200,1362520,0,1993-12-05,1995-12-24,1576.58,20.0,True,False,False
13625772,1362577,1,1995-04-26,,964.33,347.65,False,True,False
4561143213632150,1363215,1,1994-03-09,,9073.46,2089.45,True,False,False
13631173,1363117,1,1989-12-25,,292.92,297.36,False,False,True
4561143213626710,1362671,1,1995-10-13,,0.0,1100.0,True,False,False
4561143213632170,1363217,1,1994-10-26,,571.04,944.16,True,False,False
4561143213634700,1363470,1,1995-06-07,,0.0,5000.0,True,False,False
4561143213629780,1362978,1,1994-06-13,,2834.53,2103.69,True,False,False
13631842,1363184,1,1995-10-01,,323.7,74.87,False,True,False
13634473,1363447,1,1995-06-15,,185.85,671.09,False,False,True
13632512,1363251,1,1991-07-24,,2511.83,456.92,False,True,False
13625783,1362578,1,1993-07-11,,253.59,862.43,False,False,True
13630812,1363081,1,1995-03-05,,344.74,423.81,False,True,False
13627662,1362766,1,1995-09-14,,11266.7,4359.83,False,True,False
13633163,1363316,1,1995-04-14,,318.04,629.06,False,False,True
4561143213630970,1363097,1,1991-04-03,,872.15,1100.0,True,False,False
13627083,1362708,1,1991-05-13,,5006.85,3821.12,False,False,True
13631873,1363187,1,1992-05-21,,330.7,335.7,False,False,True
13626582,1362658,1,1991-02-21,,6151.91,3517.12,False,True,False
13634343,1363434,0,1991-06-27,1995-01-02,328.82,2728.02,False,False,True
13629982,1362998,1,1993-02-13,,298.78,4.38,False,True,False
13633042,1363304,1,1994-11-30,,269.41,50.91,False,True,False
4561143213625080,1362508,1,1989-10-01,,811.96,1072.17,True,False,False
4561143213629620,1362962,1,1993-11-27,,44.95,609.74,True,False,False
13628303,1362830,1,1992-01-14,,237.88,35.68,False,False,True
13625623,1362562,1,1995-06-23,,391.96,3864.77,False,False,True
4561143213632470,1363247,1,1991-08-14,,105.3,3000.0,True,False,False
13633893,1363389,1,1992-05-25,,719.95,177.4,False,False,True
13629323,1362932,1,1994-03-01,,744.52,523.84,False,False,True
13626532,1362653,1,1992-12-19,,580.96,1023.15,False,True,False
13633022,1363302,1,1993-04-14,,5499.36,4023.58,False,True,False
13629932,1362993,1,1995-05-26,,2744.1,3227.45,False,True,False
13626622,1362662,1,1991-12-02,,2651.09,139.01,False,True,False
13625312,1362531,1,1994-04-05,,5717.74,2290.23,False,True,False
4561143213634290,1363429,0,1990-06-01,1995-01-03,2943.97,1739.74,True,False,False
4561143213629990,1362999,1,1993-08-09,,1973.27,988.54,True,False,False
13628273,1362827,1,1993-02-03,,560.98,306.35,False,False,True
13627252,1362725,1,1994-09-02,,3853.98,47.34,False,True,False
4561143213632340,1363234,1,1995-11-20,,0.0,3000.0,True,False,False
13634442,1363444,1,1994-01-23,,165.34,68.22,False,True,False
4561143213628520,1362852,1,1993-10-28,,1623.28,1700.0,True,False,False
13632712,1363271,1,1994-04-25,,2725.91,876.19,False,True,False
13624982,1362498,1,1995-02-12,,233.77,172.66,False,True,False
13625703,1362570,1,1995-10-31,,171.55,174.16,False,False,True
13633652,1363365,1,1993-03-24,,5578.71,901.25,False,True,False
13634453,1363445,1,1987-06-24,,742.28,552.01,False,False,True
13631092,1363109,1,1993-10-11,,2278.58,41.35,False,True,False
4561143213629500,1362950,1,1995-06-10,,0.0,162.95,True,False,False
13633543,1363354,1,1995-07-28,,148.91,1116.71,False,False,True
13625552,1362555,0,1991-04-28,1995-10-05,474.47,806.73,False,True,False
13627632,1362763,1,1995-06-23,,300.2,2.72,False,True,False
13625503,1362550,1,1995-03-27,,638.67,487.77,False,False,True
13630542,1363054,1,1992-04-07,,2738.75,50.67,False,True,False
13630573,1363057,1,1992-08-16,,2311.66,1385.03,False,False,True
4561143213634140,1363414,1,1992-08-29,,268.21,202.13,True,False,False
4561143213629910,1362991,1,1988-11-24,,643.2,1343.81,True,False,False
13631122,1363112,1,1994-07-08,,2759.11,1085.16,False,True,False
13631262,1363126,1,1995-07-15,,8095.47,2541.96,False,True,False
13634422,1363442,1,1990-06-15,,787.03,90.63,False,True,False
4561143213624990,1362499,1,1990-03-15,,1046.3,1900.0,True,False,False
4561143213634210,1363421,1,1988-09-19,,2828.16,814.67,True,False,False
13628352,1362835,1,1995-09-22,,239.71,276.68,False,True,False
13627003,1362700,1,1994-02-22,,311.2,315.88,False,False,True
13631473,1363147,1,1987-11-13,,2178.01,1152.38,False,False,True
13629902,1362990,0,1994-03-03,1995-03-03,2824.68,625.42,False,True,False
4561143213626560,1362656,1,1993-09-23,,893.25,445.22,True,False,False
4561143213634840,1363484,1,1994-01-19,,867.01,408.08,True,False,False
13625963,1362596,1,1995-07-16,,544.45,259.05,False,False,True
13634282,1363428,0,1993-12-01,1995-09-25,1145.06,274.96,False,True,False
4561143213627970,1362797,1,1994-05-11,,111.07,100.0,True,False,False
13627112,1362711,1,1995-08-09,,100.28,299.33,False,True,False
4561143213628720,1362872,1,1992-04-21,,292.41,1000.0,True,False,False
4561143213628880,1362888,1,1994-01-02,,11394.66,6454.87,True,False,False
4561143213629290,1362929,1,1995-06-30,,0.0,4200.0,True,False,False
13625263,1362526,1,1994-03-15,,551.82,1145.74,False,False,True
4561143213631580,1363158,1,1991-09-15,,364.24,121.67,True,False,False
13631453,1363145,0,1994-01-11,1995-05-08,109.29,444.57,False,False,True
13625293,1362529,1,1992-11-15,,662.06,873.14,False,False,True
4561143213634260,1363426,1,1991-11-03,,1808.4,917.28,True,False,False
13633743,1363374,1,1995-08-10,,583.39,601.14,False,False,True
13626873,1362687,1,1994-07-14,,566.77,1111.42,False,False,True
4561143213628830,1362883,1,1995-07-23,,0.0,983.06,True,False,False
13628242,1362824,1,1993-04-19,,863.73,3.94,False,True,False
13628953,1362895,1,1995-06-27,,169.96,96.25,False,False,True
13627773,1362777,1,1995-02-14,,327.1,29.46,False,False,True
13626992,1362699,1,1995-05-21,,246.47,600.51,False,True,False
13627812,1362781,1,1995-08-26,,420.27,269.82,False,True,False
13630602,1363060,1,1991-06-02,,6770.7,370.85,False,True,False
13633463,1363346,1,1992-02-27,,327.16,332.08,False,False,True
4561143213627690,1362769,1,1995-05-06,,0.0,553.09,True,False,False
4561143213625770,1362577,1,1995-04-06,,0.0,1808.22,True,False,False
4561143213629210,1362921,1,1994-05-23,,2273.2,81.68,True,False,False
13630462,1363046,1,1994-04-03,,4107.57,520.05,False,True,False
13626702,1362670,0,1990-03-22,1995-07-25,2697.49,106.94,False,True,False
4561143213627660,1362766,0,1990-06-24,1995-12-05,4999.67,20.0,True,False,False
4561143213633920,1363392,1,1993-12-19,,834.77,1000.0,True,False,False
13634032,1363403,1,1993-07-26,,4787.32,366.58,False,True,False
13634713,1363471,1,1995-03-22,,259.96,1777.03,False,False,True
13632642,1363264,0,1994-03-24,1995-07-28,191.9,15.72,False,True,False
13627052,1362705,1,1995-02-16,,3482.11,81.14,False,True,False
4561143213634090,1363409,1,1993-09-01,,977.54,160.42,True,False,False
13629282,1362928,1,1995-01-15,,136.14,3.8,False,True,False
13630132,1363013,1,1995-05-23,,281.62,14.54,False,True,False
4561143213627300,1362730,1,1995-09-01,,0.0,3000.0,True,False,False
13631232,1363123,1,1995-03-11,,7610.01,696.74,False,True,False
13632673,1363267,1,1995-12-22,,840.79,1699.39,False,False,True
13626212,1362621,1,1995-04-21,,2664.89,121.73,False,True,False
13631932,1363193,1,1993-02-01,,4219.43,4048.98,False,True,False
13634202,1363420,1,1993-03-24,,2825.63,278.98,False,True,False
13625843,1362584,1,1994-06-01,,2032.5,1999.37,False,False,True
13632653,1363265,1,1995-07-07,,193.55,900.52,False,False,True
13626173,1362617,1,1995-05-18,,135.98,138.02,False,False,True
4561143213626530,1362653,1,1995-09-25,,0.0,1188.57,True,False,False
4561143213631990,1363199,1,1994-03-02,,2135.18,127.09,True,False,False
4561143213632590,1363259,1,1988-03-11,,380.61,334.29,True,False,False
4561143213627610,1362761,1,1994-03-21,,780.93,0.0,True,False,False
4561143213625310,1362531,1,1994-06-26,,2016.11,2200.0,True,False,False
4561143213629260,1362926,1,1994-09-01,,946.72,1000.0,True,False,False
4561143213627250,1362725,1,1995-02-27,,0.0,1939.63,True,False,False
13629763,1362976,1,1986-11-03,,203.2,137.99,False,False,True
13627542,1362754,1,1990-01-11,,2611.38,68.84,False,True,False
4561143213631700,1363170,1,1994-02-19,,1047.17,904.09,True,False,False
4561143213634440,1363444,1,1995-03-19,,0.0,1000.0,True,False,False
4561143213627270,1362727,0,1994-05-16,1995-07-14,3673.82,0.0,True,False,False
4561143213632710,1363271,1,1994-04-25,,1872.82,1179.95,True,False,False
13627682,1362768,1,1995-05-26,,2512.8,2429.77,False,True,False
4561143213630680,1363068,0,1991-11-19,1995-11-01,2143.15,20.0,True,False,False
4561143213624840,1362484,1,1993-01-02,,1278.78,369.72,True,False,False
13627363,1362736,1,1994-06-02,,2147.68,2180.1,False,False,True
13628253,1362825,1,1994-05-18,,175.22,50.77,False,False,True
13633872,1363387,1,1990-09-18,,176.97,959.6,False,True,False
4561143213625570,1362557,1,1995-11-10,,0.0,1000.0,True,False,False
4561143213630160,1363016,1,1991-09-12,,1219.77,1223.77,True,False,False
4561143213629090,1362909,1,1994-10-14,,4000.22,54.09,True,False,False
13632582,1363258,0,1994-12-15,1995-04-21,170.57,12.14,False,True,False
4561143213632320,1363232,1,1995-08-19,,0.0,1000.0,True,False,False
13630882,1363088,1,1991-01-21,,180.12,769.47,False,True,False
13625093,1362509,0,1993-05-17,1995-08-07,147.84,337.82,False,False,True
4561143213631260,1363126,1,1995-02-05,,0.0,2900.0,True,False,False
4561143213631960,1363196,1,1993-09-24,,1420.35,1800.0,True,False,False
13625972,1362597,1,1991-02-04,,2533.42,416.76,False,True,False
4561143213628370,1362837,1,1995-06-26,,0.0,1100.0,True,False,False
4561143213628350,1362835,1,1988-05-23,,167.92,9.51,True,False,False
4561143213626640,1362664,1,1995-06-25,,0.0,1052.38,True,False,False
13626092,1362609,0,1994-06-14,1995-09-29,2563.27,15.38,False,True,False
13629202,1362920,1,1995-02-10,,2717.13,1297.06,False,True,False
13629643,1362964,0,1987-06-03,1995-07-13,118.49,119.39,False,False,True
4561143213628100,1362810,1,1993-12-25,,2485.28,332.95,True,False,False
13627462,1362746,1,1995-08-23,,149.31,12.89,False,True,False
13633523,1363352,1,1992-08-24,,2039.4,2950.23,False,False,True
13629733,1362973,1,1995-02-01,,2273.92,2570.3,False,False,True
4561143213631290,1363129,1,1995-04-21,,0.0,335.42,True,False,False
13625692,1362569,1,1995-04-06,,927.07,46.48,False,True,False
4561143213629120,1362912,1,1992-11-13,,1299.01,1500.0,True,False,False
4561143213628940,1362894,0,1994-03-06,1995-01-08,1500.62,1840.0,True,False,False
13625123,1362512,0,1993-01-25,1995-05-09,129.62,1194.36,False,False,True
13631032,1363103,1,1995-02-15,,601.02,29.87,False,True,False
13632532,1363253,1,1991-06-12,,5019.19,1191.33,False,True,False
13625302,1362530,1,1995-04-25,,5316.47,17.3,False,True,False
13630832,1363083,1,1992-02-12,,286.52,2325.47,False,True,False
13628813,1362881,1,1995-09-11,,302.02,61.5,False,False,True
4561143213634930,1363493,1,1995-07-10,,0.0,0.0,True,False,False
4561143213626990,1362699,1,1992-05-18,,151.63,677.69,True,False,False
13627602,1362760,1,1992-01-24,,6021.08,6.15,False,True,False
13627132,1362713,1,1995-11-04,,389.87,22.21,False,True,False
13627492,1362749,1,1993-03-08,,2608.15,918.17,False,True,False
4561143213630600,1363060,1,1993-10-14,,1898.67,2192.95,True,False,False
13633172,1363317,1,1991-05-16,,280.79,269.76,False,True,False
13625423,1362542,1,1995-10-27,,607.88,1654.74,False,False,True
13626853,1362685,1,1994-06-09,,335.36,1735.39,False,False,True
13632502,1363250,0,1991-09-21,1995-08-03,657.67,257.48,False,True,False
4561143213630110,1363011,0,1990-03-15,1995-12-16,3488.29,20.0,True,False,False
4561143213627050,1362705,1,1995-02-01,,0.0,413.11,True,False,False
4561143213634820,1363482,0,1989-07-24,1995-08-23,2917.91,355.26,True,False,False
4561143213629280,1362928,1,1994-08-02,,949.02,596.11,True,False,False
13631422,1363142,1,1995-04-29,,571.75,11.3,False,True,False
13626062,1362606,1,1995-10-10,,5103.77,1319.97,False,True,False
13634082,1363408,0,1990-01-12,1995-03-22,195.62,30.85,False,True,False
4561143213631930,1363193,1,1993-12-10,,1537.46,1442.0,True,False,False
13630182,1363018,1,1995-03-21,,602.18,1778.61,False,True,False
13632912,1363291,1,1995-10-10,,4361.14,521.21,False,True,False
4561143213631840,1363184,1,1995-10-06,,0.0,1000.0,True,False,False
13625283,1362528,1,1986-01-13,,262.55,269.93,False,False,True
13631282,1363128,1,1992-10-13,,4142.57,3422.66,False,True,False
13625903,1362590,1,1993-08-11,,541.95,558.44,False,False,True
4561143213630810,1363081,0,1989-01-17,1995-07-08,1692.71,84.59,True,False,False
4561143213631820,1363182,1,1995-04-25,,0.0,5100.0,True,False,False
13628222,1362822,1,1994-09-18,,4115.99,2156.3,False,True,False
13633483,1363348,1,1993-08-24,,434.62,1628.76,False,False,True
13628042,1362804,1,1987-11-09,,8953.35,1315.0,False,True,False
13634583,1363458,1,1992-01-06,,215.86,160.66,False,False,True
4561143213626580,1362658,1,1991-02-21,,4414.23,0.0,True,False,False
13626982,1362698,1,1993-07-17,,6322.89,175.55,False,True,False
13631763,1363176,1,1994-11-29,,175.29,128.07,False,False,True
13630482,1363048,1,1995-09-20,,403.5,274.93,False,True,False
13628053,1362805,1,1987-01-03,,124.1,232.15,False,False,True
13633342,1363334,1,1993-04-30,,150.98,0.22,False,True,False
4561143213630860,1363086,1,1994-02-18,,2401.95,130.9,True,False,False
13632962,1363296,1,1991-06-28,,2505.07,1.55,False,True,False
13632622,1363262,0,1992-07-28,1995-01-17,436.88,244.53,False,True,False
13634623,1363462,1,1991-10-22,,299.07,2034.99,False,False,True
13625233,1362523,1,1992-06-26,,262.21,127.38,False,False,True
4561143213629030,1362903,1,1992-12-15,,1559.94,1500.0,True,False,False
4561143213633020,1363302,0,1994-02-09,1995-04-26,1731.39,0.0,True,False,False
13626593,1362659,1,1995-05-23,,575.93,315.94,False,False,True
13633373,1363337,1,1994-06-12,,531.48,7766.05,False,False,True
13632142,1363214,1,1991-04-19,,4244.28,134.88,False,True,False
13633433,1363343,1,1995-03-14,,603.82,2007.65,False,False,True
13631643,1363164,1,1994-03-30,,169.19,258.05,False,False,True
4561143213633650,1363365,1,1995-08-29,,0.0,2100.0,True,False,False
13633943,1363394,1,1987-06-12,,2238.98,2270.28,False,False,True
13626932,1362693,1,1995-03-24,,2597.86,659.45,False,True,False
4561143213629200,1362920,1,1995-12-13,,0.0,0.0,True,False,False
13634002,1363400,1,1993-08-17,,300.87,1824.79,False,True,False
13629752,1362975,0,1994-01-10,1995-03-16,258.05,282.92,False,True,False
13630372,1363037,1,1992-11-15,,2581.35,182.95,False,True,False
13631733,1363173,0,1987-11-15,1995-12-05,984.06,382.8,False,False,True
13630432,1363043,1,1994-07-18,,4418.22,701.33,False,True,False
13632153,1363215,1,1995-10-17,,924.0,2689.95,False,False,True
13626442,1362644,1,1991-06-05,,312.72,382.47,False,True,False
13626713,1362671,1,1995-05-26,,153.64,83.19,False,False,True
13626822,1362682,1,1994-07-18,,4024.65,345.89,False,True,False
4561143213632530,1363253,1,1993-03-07,,1688.39,2000.0,True,False,False
13630102,1363010,1,1992-09-09,,149.83,1574.39,False,True,False
4561143213630830,1363083,1,1995-03-07,,0.0,969.94,True,False,False
4561143213627630,1362763,1,1995-06-21,,0.0,160.0,True,False,False
13630953,1363095,1,1995-02-19,,2042.54,868.08,False,False,True
13627722,1362772,1,1994-08-27,,4135.59,18.3,False,True,False
13634503,1363450,1,1994-03-11,,136.04,1018.62,False,False,True
4561143213630540,1363054,1,1994-12-08,,875.7,917.3,True,False,False
13626902,1362690,1,1994-12-25,,3313.6,282.92,False,True,False
13630383,1363038,1,1995-02-20,,333.53,508.26,False,False,True
13634362,1363436,1,1995-01-22,,387.11,218.93,False,True,False
13632702,1363270,1,1994-05-26,,214.69,15.66,False,True,False
13634913,1363491,0,1990-10-22,1995-04-19,205.45,17.82,False,False,True
4561143213631120,1363112,1,1991-04-01,,852.02,0.0,True,False,False
13625072,1362507,1,1995-02-10,,337.22,1087.84,False,True,False
13627522,1362752,1,1994-01-08,,487.69,3.76,False,True,False
4561143213627490,1362749,1,1993-03-08,,1391.01,3000.0,True,False,False
13627832,1362783,0,1988-07-10,1995-06-03,235.27,916.17,False,True,False
4561143213633170,1363317,1,1989-04-15,,1046.09,307.6,True,False,False
4561143213626500,1362650,1,1995-11-28,,0.0,1000.0,True,False,False
4561143213631420,1363142,1,1995-03-07,,0.0,1953.78,True,False,False
4561143213629900,1362990,1,1994-03-03,,758.95,1426.93,True,False,False
13625083,1362508,1,1989-10-01,,121.64,255.11,False,False,True
4561143213631010,1363101,1,1995-06-16,,0.0,2054.32,True,False,False
4561143213634080,1363408,1,1990-01-12,,865.61,1800.0,True,False,False
13629783,1362978,1,1994-06-13,,238.16,28.91,False,False,True
4561143213630180,1363018,1,1994-02-26,,1409.42,2300.0,True,False,False
13625952,1362595,1,1993-10-28,,4087.37,117.93,False,True,False
13632473,1363247,1,1992-07-20,,278.43,339.33,False,False,True
13630973,1363097,1,1995-03-26,,183.44,10.28,False,False,True
4561143213631280,1363128,1,1995-03-01,,0.0,140.0,True,False,False
13634572,1363457,1,1988-04-23,,12169.88,1252.71,False,True,False
13631572,1363157,1,1995-12-23,,9749.29,117.49,False,True,False
13631082,1363108,1,1992-08-30,,272.54,268.79,False,True,False
4561143213628220,1362822,1,1995-11-18,,0.0,1000.0,True,False,False
13625662,1362566,0,1992-06-05,1995-03-18,17315.16,38.1,False,True,False
4561143213628040,1362804,1,1987-11-09,,8951.9,682.34,True,False,False
13629392,1362939,1,1995-07-15,,687.0,1703.2,False,True,False
13634293,1363429,1,1990-09-24,,169.38,171.9,False,False,True
13627182,1362718,1,1995-04-01,,692.1,702.56,False,True,False
13632343,1363234,1,1988-05-14,,139.94,918.39,False,False,True
4561143213628240,1362824,1,1993-09-23,,10593.21,959.72,True,False,False
13632092,1363209,0,1986-02-03,1995-11-11,462.9,86.21,False,True,False
13628603,1362860,1,1994-05-09,,2235.91,2100.68,False,False,True
13634143,1363414,1,1992-09-23,,991.56,1411.05,False,False,True
13626232,1362623,0,1993-10-18,1995-01-17,276.29,16.18,False,True,False
13625632,1362563,0,1992-05-01,1995-05-15,1025.99,490.56,False,True,False
13630352,1363035,1,1995-09-10,,157.5,253.21,False,True,False
13626202,1362620,1,1994-03-30,,4233.57,243.04,False,True,False
13629312,1362931,1,1993-09-23,,5591.93,713.56,False,True,False
13634213,1363421,1,1988-09-19,,191.77,197.64,False,False,True
4561143213634030,1363403,1,1995-11-08,,0.0,1900.0,True,False,False
13627352,1362735,1,1995-08-13,,2802.42,84.65,False,True,False
4561143213632640,1363264,1,1994-03-24,,51.69,1000.0,True,False,False
13630922,1363092,1,1995-02-06,,171.8,38.2,False,True,False
4561143213630130,1363013,1,1994-10-26,,844.1,1000.0,True,False,False
13633712,1363371,1,1991-05-30,,2788.06,54.5,False,True,False
4561143213631230,1363123,1,1994-02-25,,1766.88,2800.0,True,False,False
13632012,1363201,1,1995-04-23,,1194.44,777.16,False,True,False
13625252,1362525,1,1992-03-28,,256.46,95.53,False,True,False
13625003,1362500,1,1995-12-08,,330.98,335.99,False,False,True
13629703,1362970,1,1995-07-08,,273.94,278.07,False,False,True
4561143213626930,1362693,1,1995-06-25,,0.0,1000.0,True,False,False
13626422,1362642,1,1994-08-17,,131.46,112.61,False,True,False
4561143213634000,1363400,1,1994-07-21,,3293.54,2186.72,True,False,False
4561143213626210,1362621,1,1995-11-21,,0.0,1000.0,True,False,False
4561143213630370,1363037,1,1995-11-12,,0.0,1000.0,True,False,False
4561143213634200,1363420,1,1993-09-11,,125.33,1011.2,True,False,False
4561143213630430,1363043,1,1994-10-04,,471.22,1000.0,True,False,False
13634752,1363475,1,1993-04-27,,403.91,136.95,False,True,False
4561143213626440,1362644,1,1991-07-06,,224.15,463.65,True,False,False
13632842,1363284,1,1994-03-25,,420.57,946.08,False,True,False
4561143213630100,1363010,1,1992-09-09,,29.12,648.51,True,False,False
13629503,1362950,1,1995-12-21,,658.26,1545.22,False,False,True
13625112,1362511,1,1993-11-18,,189.23,11.84,False,True,False
13629362,1362936,1,1994-11-03,,173.72,109.31,False,True,False
4561143213633850,1363385,1,1988-03-15,,834.47,0.0,True,False,False
13631002,1363100,1,1993-12-12,,2554.44,39.16,False,True,False
4561143213627520,1362752,0,1994-10-09,1995-04-02,2302.14,0.0,True,False,False
13633452,1363345,1,1994-07-11,,312.71,2345.06,False,True,False
13627402,1362740,1,1995-08-15,,1237.41,562.27,False,True,False
13629913,1362991,1,1991-12-16,,154.65,369.81,False,False,True
13627663,1362766,1,1990-11-29,,11352.93,22432.78,False,False,True
13627372,1362737,1,1994-04-02,,690.88,195.13,False,True,False
4561143213634570,1363457,1,1988-04-23,,3028.68,4626.88,True,False,False
13627432,1362743,1,1995-04-11,,2516.33,1736.57,False,True,False
13625162,1362516,1,1995-10-25,,3791.17,3291.88,False,True,False
4561143213627540,1362754,1,1990-01-11,,74.35,0.0,True,False,False
4561143213631080,1363108,1,1994-06-30,,1149.32,458.67,True,False,False
13626563,1362656,1,1993-07-11,,121.0,367.8,False,False,True
4561143213625660,1362566,0,1993-02-08,1995-12-19,4801.23,20.0,True,False,False
4561143213633870,1363387,1,1990-09-18,,857.38,1000.0,True,False,False
13632982,1363298,0,1993-09-17,1995-12-23,7460.23,170.04,False,True,False
13629293,1362929,1,1995-05-08,,1229.27,1535.83,False,False,True
4561143213629390,1362939,1,1994-01-14,,5484.95,772.03,True,False,False
13631583,1363158,1,1995-07-06,,773.98,1917.72,False,False,True
4561143213627180,1362718,1,1994-12-17,,1928.33,78.8,True,False,False
4561143213630880,1363088,1,1991-01-21,,189.64,739.86,True,False,False
13634332,1363433,1,1993-06-08,,2529.78,1155.25,False,True,False
4561143213625970,1362597,1,1993-10-01,,939.06,442.72,True,False,False
13630222,1363022,1,1994-08-12,,312.18,1184.76,False,True,False
13628833,1362883,1,1994-02-03,,702.27,149.74,False,False,True
13625862,1362586,1,1995-10-21,,167.76,260.7,False,True,False
4561143213626090,1362609,1,1992-07-20,,1775.07,3000.0,True,False,False
13628152,1362815,1,1994-03-04,,2778.26,816.6,False,True,False
13630253,1363025,0,1990-08-30,1995-03-04,711.18,3136.9,False,False,True
4561143213630350,1363035,1,1995-08-19,,0.0,0.0,True,False,False
4561143213627460,1362746,1,1992-05-29,,1037.11,1000.0,True,False,False
13628803,1362880,1,1992-11-01,,232.19,551.31,False,False,True
13624963,1362496,1,1994-12-07,,247.34,251.06,False,False,True
13629933,1362993,1,1995-03-06,,147.68,435.7,False,False,True
13632122,1363212,1,1993-03-13,,201.12,16.9,False,True,False
13629823,1362982,1,1989-11-14,,2167.79,3313.65,False,False,True
4561143213625690,1362569,1,1995-12-06,,0.0,9200.0,True,False,False
13627253,1362725,1,1995-01-30,,17303.42,16095.5,False,False,True
13628172,1362817,1,1994-11-18,,218.2,219.6,False,True,False
13629382,1362938,0,1994-11-19,1995-09-11,2677.7,417.89,False,True,False
13633923,1363392,1,1993-11-08,,109.05,241.59,False,False,True
13630672,1363067,1,1994-09-26,,238.18,0.0,False,True,False
4561143213631030,1363103,0,1992-10-04,1995-07-18,2007.57,513.06,True,False,False
4561143213625250,1362525,1,1992-04-20,,2901.68,1051.01,True,False,False
13625052,1362505,1,1994-03-11,,125.36,11.7,False,True,False
4561143213626420,1362642,1,1993-05-11,,771.16,1000.0,True,False,False
4561143213625300,1362530,1,1993-08-17,,597.23,2000.0,True,False,False
13632713,1363271,1,1994-04-25,,284.06,678.94,False,False,True
13631993,1363199,1,1994-03-02,,118.45,251.39,False,False,True
4561143213634750,1363475,1,1993-08-07,,3502.43,727.2,True,False,False
13632822,1363282,1,1988-03-05,,133.9,84.18,False,True,False
13628483,1362848,1,1990-08-07,,5265.17,4844.42,False,False,True
13628872,1362887,1,1993-03-22,,1385.16,2427.18,False,True,False
4561143213632840,1363284,1,1990-07-21,,832.94,965.92,True,False,False
13627613,1362761,1,1994-03-28,,775.55,490.67,False,False,True
13632282,1363228,1,1995-04-10,,355.61,206.69,False,True,False
13629263,1362926,1,1990-11-03,,131.22,1230.28,False,False,True
4561143213629360,1362936,1,1995-01-25,,0.0,244.47,True,False,False
13631752,1363175,1,1994-03-26,,340.48,13.51,False,True,False
4561143213633450,1363345,1,1994-08-28,,2406.56,2700.0,True,False,False
13627273,1362727,1,1995-04-16,,8996.64,9132.52,False,False,True
13625553,1362555,1,1993-05-14,,411.52,260.59,False,False,True
13631503,1363150,1,1991-09-09,,234.29,370.22,False,False,True
4561143213627370,1362737,1,1995-10-09,,0.0,6600.0,True,False,False
13625682,1362568,1,1995-09-26,,4273.62,221.3,False,True,False
4561143213627430,1362743,1,1995-10-09,,0.0,3000.0,True,False,False
4561143213626060,1362606,1,1995-05-05,,0.0,1232.96,True,False,False
13629972,1362997,1,1993-11-28,,229.36,222.05,False,True,False
13624843,1362484,1,1993-01-02,,194.76,2122.17,False,False,True
13631263,1363126,1,1995-05-01,,951.62,3138.91,False,False,True
4561143213632910,1363291,1,1995-06-04,,0.0,5014.14,True,False,False
13632763,1363276,1,1995-03-26,,812.36,2037.38,False,False,True
13633562,1363356,1,1995-12-24,,2670.21,10.33,False,True,False
13628353,1362835,1,1989-03-31,,2030.24,2060.9,False,False,True
13625573,1362557,1,1995-10-09,,697.92,68.86,False,False,True
13625462,1362546,1,1990-02-19,,2657.17,84.83,False,True,False
4561143213626980,1362698,1,1993-11-27,,2152.86,2500.0,True,False,False
13628943,1362894,1,1990-02-03,,2013.26,360.28,False,False,True
13629332,1362933,1,1991-10-06,,119.13,215.13,False,True,False
13630022,1363002,1,1991-09-09,,391.16,1137.89,False,True,False
13629093,1362909,1,1993-05-30,,1132.28,1149.38,False,False,True
13633532,1363353,1,1989-06-23,,4993.96,13.96,False,True,False
13628373,1362837,1,1995-06-13,,169.9,545.76,False,False,True
13627222,1362722,1,1995-07-21,,6217.18,696.51,False,True,False
4561143213632960,1363296,1,1991-06-28,,520.97,1001.67,True,False,False
13630603,1363060,1,1990-11-03,,675.99,1441.88,False,False,True
13628433,1362843,1,1986-08-02,,282.11,224.72,False,False,True
13629612,1362961,0,1994-05-31,1995-03-03,2541.98,413.73,False,True,False
13632232,1363223,1,1992-06-13,,4997.67,1839.28,False,True,False
13625132,1362513,1,1995-11-26,,266.76,661.68,False,True,False
13628103,1362810,1,1993-12-25,,183.59,731.5,False,False,True
13626752,1362675,1,1992-05-29,,2793.52,2009.72,False,True,False
13630042,1363004,1,1992-09-20,,299.35,644.11,False,True,False
4561143213632120,1363212,1,1990-04-06,,1885.71,3000.0,True,False,False
4561143213632290,1363229,1,1993-06-11,,989.45,1143.13,True,False,False
4561143213628170,1362817,1,1987-02-11,,206.66,1000.0,True,False,False
13634933,1363493,0,1993-06-08,1995-07-19,331.18,553.61,False,False,True
13627053,1362705,1,1995-12-02,,221.12,1415.16,False,False,True
13630113,1363011,1,1990-10-20,,1470.91,1387.58,False,False,True
13631933,1363193,1,1992-10-19,,282.76,598.57,False,False,True
13634823,1363482,1,1989-07-24,,121.85,486.4,False,False,True
13634952,1363495,1,1995-09-27,,2605.49,178.5,False,True,False
13632422,1363242,0,1994-02-18,1995-05-07,319.66,936.51,False,True,False
13634903,1363490,1,1994-11-27,,2267.29,2301.53,False,False,True
13631213,1363121,1,1992-04-08,,120.94,122.74,False,False,True
4561143213632820,1363282,1,1988-01-12,,46.42,272.69,True,False,False
4561143213629750,1362975,1,1989-01-27,,556.1,525.5,True,False,False
13631823,1363182,1,1995-11-28,,3136.49,753.69,False,False,True
13634382,1363438,1,1995-05-16,,138.08,254.88,False,True,False
13632082,1363208,1,1995-05-16,,100.59,59.37,False,True,False
13626772,1362677,1,1994-02-10,,110.59,385.66,False,True,False
13631382,1363138,1,1993-02-17,,103.39,15.52,False,True,False
13632513,1363251,1,1994-09-11,,5003.6,5059.46,False,False,True
4561143213631750,1363175,1,1994-11-30,,2179.2,1148.45,True,False,False
13630813,1363081,1,1994-08-06,,323.49,765.22,False,False,True
13627672,1362767,1,1993-02-21,,235.4,193.12,False,True,False
4561143213634550,1363455,1,1995-11-19,,0.0,5192.98,True,False,False
13628322,1362832,1,1995-10-11,,838.43,49.08,False,True,False
4561143213626900,1362690,1,1994-10-18,,86.09,1200.0,True,False,False
4561143213625680,1362568,1,1995-02-03,,0.0,0.0,True,False,False
13626572,1362657,1,1989-06-07,,148.78,22.1,False,True,False
4561143213633560,1363356,1,1991-03-11,,482.15,1000.0,True,False,False
4561143213630400,1363040,1,1995-06-02,,0.0,1900.0,True,False,False
13631972,1363197,1,1993-10-10,,2696.67,158.09,False,True,False
13626583,1362658,1,1991-02-21,,235.06,238.62,False,False,True
13625882,1362588,1,1992-09-12,,230.67,5.87,False,True,False
13630863,1363086,1,1994-03-12,,192.71,1196.95,False,False,True
13629033,1362903,1,1995-10-02,,3317.38,3704.8,False,False,True
13633642,1363364,1,1995-03-13,,1287.08,296.28,False,True,False
4561143213629330,1362933,1,1990-02-02,,767.27,899.08,True,False,False
13634692,1363469,1,1995-11-03,,112.95,220.22,False,True,False
13631692,1363169,0,1994-03-18,1995-11-26,169.0,0.0,False,True,False
4561143213633320,1363332,0,1992-10-07,1995-12-26,2770.4,839.43,True,False,False
13629203,1362920,1,1995-11-04,,718.13,739.98,False,False,True
13632032,1363203,1,1994-05-25,,1033.81,997.7,False,True,False
4561143213632230,1363223,1,1992-06-13,,657.55,586.29,True,False,False
13631332,1363133,0,1989-10-20,1995-12-27,2736.94,1068.52,False,True,False
4561143213630040,1363004,1,1993-04-15,,36.38,505.43,True,False,False
13624983,1362498,1,1995-09-15,,2273.51,2307.85,False,False,True
13627022,1362702,1,1993-08-30,,318.2,428.94,False,True,False
13626312,1362631,1,1991-06-17,,4478.55,0.0,False,True,False
13632533,1363253,0,1992-04-09,1995-11-01,1241.42,1701.18,False,False,True
4561143213632090,1363209,1,1986-02-03,,1523.62,1600.0,True,False,False
13632002,1363200,1,1992-04-10,,2801.98,955.03,False,True,False
4561143213625630,1362563,1,1995-08-07,,0.0,1000.0,True,False,False
13630833,1363083,1,1992-02-12,,5830.18,6325.98,False,False,True
13634612,1363461,1,1995-03-04,,3144.44,1223.94,False,True,False
13631302,1363130,1,1993-11-07,,243.61,130.75,False,True,False
13625722,1362572,1,1994-06-16,,244.5,1.97,False,True,False
13627493,1362749,0,1993-03-08,1995-09-17,147.15,136.05,False,False,True
13634272,1363427,1,1991-02-11,,743.67,809.67,False,True,False
13633173,1363317,1,1988-12-26,,183.77,186.53,False,False,True
4561143213627350,1362735,1,1995-12-21,,0.0,3000.0,True,False,False
13631612,1363161,1,1995-02-18,,2655.35,39.09,False,True,False
13625522,1362552,1,1992-11-24,,213.03,7.42,False,True,False
13631423,1363142,1,1995-03-15,,398.62,404.63,False,False,True
13629952,1362995,1,1995-09-22,,381.9,2007.33,False,True,False
13630172,1363017,1,1994-03-19,,2694.91,147.15,False,True,False
13626503,1362650,1,1995-04-05,,155.66,149.2,False,False,True
13634083,1363408,1,1990-01-12,,373.08,1056.1,False,False,True
13626362,1362636,1,1994-11-09,,2676.3,19.2,False,True,False
4561143213634380,1363438,1,1994-07-16,,1018.92,684.3,True,False,False
13629903,1362990,1,1994-03-03,,160.9,1113.07,False,False,True
13630183,1363018,1,1994-10-28,,11793.93,9387.66,False,False,True
13631013,1363101,1,1995-12-09,,5929.02,6015.58,False,False,True
13631283,1363128,1,1994-04-27,,2178.79,2211.69,False,False,True
4561143213632010,1363201,1,1995-11-22,,0.0,1000.0,True,False,False
13625802,1362580,1,1992-12-01,,376.21,29.97,False,True,False
13629662,1362966,1,1994-01-06,,2299.22,63.32,False,True,False
13628223,1362822,1,1994-11-13,,160.93,523.43,False,False,True
13627113,1362711,1,1992-03-12,,223.6,38.87,False,False,True
13630872,1363087,1,1993-09-29,,320.68,30.86,False,True,False
4561143213625110,1362511,1,1995-04-23,,0.0,904.93,True,False,False
4561143213626570,1362657,1,1995-03-15,,0.0,0.0,True,False,False
4561143213632060,1363206,1,1995-11-13,,0.0,5490.45,True,False,False
13628043,1362804,1,1987-11-09,,445.15,450.37,False,False,True
13627813,1362781,1,1995-07-20,,961.57,2797.34,False,False,True
13626332,1362633,0,1992-07-16,1995-09-30,4224.91,234.2,False,True,False
13630463,1363046,1,1995-05-12,,204.24,561.55,False,False,True
13625482,1362548,1,1986-11-11,,6004.34,569.65,False,True,False
4561143213627400,1362740,1,1994-05-29,,1563.83,1121.88,True,False,False
13629632,1362963,1,1991-11-23,,325.98,127.65,False,True,False
4561143213625160,1362516,1,1994-05-07,,117.14,430.72,True,False,False
13632623,1363262,1,1994-07-15,,1919.95,6027.35,False,False,True
13634033,1363403,1,1995-10-28,,1165.12,1590.22,False,False,True
4561143213633640,1363364,0,1989-11-23,1995-07-23,1783.86,1785.97,True,False,False
4561143213634330,1363433,1,1991-04-03,,579.32,0.0,True,False,False
4561143213631330,1363133,1,1989-10-20,,1656.7,0.0,True,False,False
13632643,1363264,1,1994-03-24,,2095.37,369.44,False,False,True
13634052,1363405,1,1995-02-27,,238.1,344.52,False,True,False
4561143213630220,1363022,1,1995-02-01,,0.0,604.65,True,False,False
13626933,1362693,1,1995-02-06,,167.24,10.34,False,False,True
13626143,1362614,1,1995-11-16,,140.65,1534.73,False,False,True
4561143213626310,1362631,1,1991-06-17,,759.86,575.0,True,False,False
4561143213625860,1362586,1,1992-01-28,,1374.28,3700.0,True,False,False
13634003,1363400,1,1993-08-22,,565.38,137.85,False,False,True
4561143213628150,1362815,1,1995-10-27,,0.0,1000.0,True,False,False
13630373,1363037,1,1992-04-01,,310.41,2054.92,False,False,True
13633992,1363399,1,1995-11-20,,1268.66,548.29,False,True,False
13630433,1363043,1,1994-12-31,,522.81,1379.43,False,False,True
13626213,1362621,1,1994-03-01,,727.98,1498.4,False,False,True
13626443,1362644,1,1995-06-10,,130.48,132.42,False,False,True
13628512,1362851,1,1994-08-25,,7059.92,635.97,False,True,False
13626823,1362682,1,1995-04-01,,240.19,243.79,False,False,True
13627652,1362765,1,1994-10-25,,2615.72,820.66,False,True,False
13630103,1363010,1,1992-09-09,,226.58,883.63,False,False,True
4561143213625740,1362574,1,1995-05-30,,0.0,1300.0,True,False,False
13629112,1362911,1,1992-05-26,,225.66,43.24,False,True,False
13627543,1362754,1,1990-01-11,,300.47,240.75,False,False,True
13632752,1363275,1,1994-03-02,,229.67,46.55,False,True,False
13633912,1363391,1,1995-02-10,,232.72,17.91,False,True,False
13632703,1363270,1,1995-12-17,,549.07,380.05,False,False,True
4561143213629380,1362938,1,1994-06-24,,1402.32,436.98,True,False,False
4561143213634610,1363461,1,1993-09-19,,1575.67,1610.7,True,False,False
13625102,1362510,1,1993-05-15,,2812.23,222.56,False,True,False
4561143213625720,1362572,1,1993-08-30,,379.26,369.97,True,False,False
4561143213625490,1362549,1,1994-07-31,,1018.04,1000.0,True,False,False
13633853,1363385,1,1995-07-20,,504.61,1720.35,False,False,True
13633873,1363387,1,1990-09-18,,164.19,110.52,False,False,True
13625942,1362594,1,1995-04-29,,14213.05,4418.79,False,True,False
13631952,1363195,1,1993-07-04,,136.24,579.16,False,True,False
13627523,1362752,1,1995-02-20,,600.26,609.33,False,False,True
4561143213629970,1362997,1,1994-10-17,,753.36,420.0,True,False,False
4561143213634270,1363427,0,1990-06-10,1995-12-22,2575.11,20.0,True,False,False
13632583,1363258,1,1994-10-18,,776.38,845.68,False,False,True
13627833,1362783,1,1987-06-06,,276.9,699.58,False,False,True
13630883,1363088,1,1991-01-21,,430.47,1426.1,False,False,True
13629812,1362981,1,1995-09-04,,178.41,260.03,False,True,False
4561143213625410,1362541,1,1995-03-10,,0.0,2093.96,True,False,False
4561143213629950,1362995,0,1994-03-07,1995-12-26,1660.56,21.66,True,False,False
13626093,1362609,1,1995-06-22,,758.41,49.39,False,False,True
4561143213626360,1362636,1,1987-08-30,,1038.96,1000.0,True,False,False
4561143213629690,1362969,1,1992-08-14,,2558.49,3800.0,True,False,False
13634812,1363481,1,1993-10-19,,202.56,25.94,False,True,False
13627463,1362746,1,1995-12-30,,2263.07,2946.92,False,False,True
13631072,1363107,0,1994-12-17,1995-02-10,256.32,28.8,False,True,False
13633142,1363314,1,1993-05-04,,2076.11,266.68,False,True,False
4561143213629660,1362966,1,1994-10-03,,3100.57,1586.27,True,False,False
4561143213625460,1362546,1,1990-02-19,,2340.61,1292.63,True,False,False
13634573,1363457,1,1988-04-23,,1415.45,3028.72,False,False,True
4561143213630020,1363002,1,1993-12-08,,1827.21,2684.46,True,False,False
13625402,1362540,1,1995-06-30,,10618.86,1515.35,False,True,False
13633212,1363321,1,1994-12-13,,209.65,2748.89,False,True,False
13631083,1363108,1,1993-07-22,,220.08,360.12,False,False,True
13629052,1362905,1,1995-11-02,,2711.63,10.18,False,True,False
13627172,1362717,1,1995-03-28,,311.91,248.16,False,True,False
4561143213629300,1362930,1,1993-07-28,,1013.46,0.0,True,False,False
13628642,1362864,1,1995-05-21,,156.93,479.29,False,True,False
13625303,1362530,1,1991-12-13,,569.85,900.52,False,False,True
13629393,1362939,1,1993-01-18,,1637.19,1173.89,False,False,True
13633842,1363384,1,1990-01-07,,7388.44,12.8,False,True,False
13627183,1362718,1,1994-12-29,,1861.61,1918.23,False,False,True
13630152,1363015,1,1995-02-19,,278.52,208.03,False,True,False
13629862,1362986,1,1995-11-09,,5870.86,4690.94,False,True,False
4561143213633530,1363353,1,1989-06-23,,479.66,1504.14,True,False,False
13626233,1362623,1,1995-03-26,,139.52,140.14,False,False,True
4561143213628450,1362845,0,1993-12-29,1995-12-14,3691.23,20.0,True,False,False
13628532,1362853,1,1995-09-13,,3648.96,1875.77,False,True,False
4561143213627220,1362722,1,1995-01-19,,0.0,1469.22,True,False,False
13630353,1363035,1,1995-01-13,,734.38,756.72,False,False,True
13627133,1362713,1,1995-09-04,,461.24,468.2,False,False,True
13629742,1362974,1,1995-06-30,,383.02,953.53,False,True,False
4561143213629610,1362961,1,1994-07-18,,473.1,1000.0,True,False,False
13634742,1363474,1,1993-12-17,,2681.98,30.89,False,True,False
13626382,1362638,1,1995-01-18,,125.81,0.0,False,True,False
13633932,1363393,1,1994-06-10,,203.46,174.05,False,True,False
4561143213626750,1362675,1,1993-11-17,,153.26,911.38,True,False,False
4561143213629250,1362925,1,1993-04-20,,264.68,602.03,True,False,False
13633262,1363326,1,1995-07-18,,949.92,2945.14,False,True,False
13629542,1362954,1,1995-12-16,,5504.29,301.79,False,True,False
13632552,1363255,1,1995-05-10,,262.07,20.46,False,True,False
13634492,1363449,1,1995-08-17,,331.36,1572.98,False,True,False
13629682,1362968,1,1990-08-17,,197.54,203.81,False,True,False
13625253,1362525,1,1990-10-17,,284.65,313.46,False,False,True
13632362,1363236,1,1993-10-04,,2977.65,52.8,False,True,False
4561143213633990,1363399,1,1994-08-13,,428.31,0.0,True,False,False
13630803,1363080,1,1994-05-07,,321.16,691.59,False,False,True
13633822,1363382,1,1995-05-10,,2694.39,1544.52,False,True,False
4561143213625520,1362552,1,1993-08-06,,367.42,493.17,True,False,False
13626423,1362642,1,1994-09-25,,180.22,91.21,False,False,True
13632913,1363291,1,1995-02-08,,274.62,653.58,False,False,True
13629553,1362955,1,1995-07-19,,162.27,627.76,False,False,True
13633473,1363347,1,1995-05-27,,794.25,512.64,False,False,True
13632843,1363284,1,1992-01-26,,1454.16,860.93,False,False,True
13624892,1362489,1,1993-10-19,,833.4,125.43,False,True,False
13629363,1362936,1,1995-02-15,,746.54,792.11,False,False,True
13626972,1362697,1,1995-09-01,,2686.03,11.38,False,True,False
4561143213633700,1363370,1,1993-04-27,,294.72,746.6,True,False,False
4561143213631380,1363138,1,1993-02-17,,92.13,914.08,True,False,False
13625922,1362592,1,1995-03-01,,922.69,343.51,False,True,False
13634162,1363416,1,1995-12-01,,211.24,5.68,False,True,False
13627433,1362743,1,1995-02-13,,2205.14,2885.15,False,False,True
4561143213627670,1362767,1,1995-04-13,,0.0,290.54,True,False,False
4561143213627650,1362765,1,1993-01-27,,902.92,999.18,True,False,False
13626983,1362698,0,1994-09-04,1995-03-12,499.93,3110.27,False,False,True
13629412,1362941,1,1989-08-12,,323.06,4.54,False,True,False
4561143213628320,1362832,1,1995-11-18,,0.0,8500.0,True,False,False
4561143213631950,1363195,1,1995-11-14,,0.0,1000.0,True,False,False
13633343,1363334,1,1995-01-28,,259.3,478.96,False,False,True
4561143213632570,1363257,1,1995-02-12,,0.0,2275.24,True,False,False
13632963,1363296,1,1991-06-28,,2285.95,2505.34,False,False,True
13633232,1363323,1,1988-05-09,,12005.31,1083.14,False,True,False
13632293,1363229,1,1995-08-17,,541.97,536.08,False,False,True
13632332,1363233,1,1995-07-01,,5230.56,313.6,False,True,False
4561143213631970,1363197,1,1993-10-10,,132.93,645.09,True,False,False
13634132,1363413,1,1995-06-17,,141.77,131.81,False,True,False
4561143213625880,1362588,1,1992-02-10,,453.45,1000.0,True,False,False
13630592,1363059,1,1995-01-20,,3468.86,24.41,False,True,False
13626302,1362630,1,1991-03-12,,2780.05,127.75,False,True,False
4561143213633140,1363314,1,1991-02-08,,2393.16,366.31,True,False,False
13629492,1362949,1,1994-08-03,,2677.39,14.7,False,True,False
13628173,1362817,1,1991-03-28,,143.63,754.8,False,False,True
13633012,1363301,1,1995-09-23,,5616.16,285.21,False,True,False
13633422,1363342,1,1994-09-05,,224.6,14.45,False,True,False
13624862,1362486,1,1994-08-24,,4252.39,3312.27,False,True,False
4561143213633210,1363321,1,1992-01-09,,2076.51,1133.39,True,False,False
4561143213631690,1363169,1,1991-11-12,,1729.57,0.0,True,False,False
4561143213629050,1362905,1,1990-09-02,,737.2,915.75,True,False,False
13633442,1363344,1,1993-08-02,,159.01,68.95,False,True,False
13634522,1363452,1,1995-01-28,,326.84,428.7,False,True,False
13634542,1363454,1,1990-08-10,,2503.81,312.45,False,True,False
13625053,1362505,0,1992-06-12,1995-11-04,310.45,205.68,False,False,True
4561143213632000,1363200,1,1995-02-01,,0.0,254.56,True,False,False
13634832,1363483,1,1995-01-07,,144.64,403.75,False,True,False
4561143213631300,1363130,1,1994-04-28,,1031.2,80.56,True,False,False
13630712,1363071,1,1994-01-24,,2606.9,175.42,False,True,False
13634553,1363455,1,1995-08-08,,251.82,254.9,False,False,True
4561143213633840,1363384,1,1994-11-07,,6541.09,2231.29,True,False,False
13628582,1362858,1,1995-06-15,,778.24,587.99,False,True,False
13626072,1362607,1,1993-06-29,,290.21,165.23,False,True,False
13626903,1362690,0,1994-02-28,1995-10-29,259.26,111.34,False,False,True
13628873,1362887,0,1991-05-10,1995-01-14,591.9,4262.93,False,False,True
13630403,1363040,1,1995-04-29,,459.1,37.27,False,False,True
13633513,1363351,0,1991-04-25,1995-05-01,212.73,213.81,False,False,True
13627152,1362715,1,1989-11-11,,2691.06,366.99,False,True,False
13631542,1363154,1,1991-02-12,,129.88,20.3,False,True,False
13633062,1363306,1,1990-03-15,,234.76,114.94,False,True,False
4561143213633260,1363326,1,1995-07-06,,0.0,0.0,True,False,False
13634412,1363441,1,1986-08-05,,105.89,145.82,False,True,False
4561143213632360,1363236,1,1991-02-06,,5922.77,1555.34,True,False,False
4561143213630170,1363017,1,1995-02-08,,0.0,1000.0,True,False,False
13625683,1362568,1,1995-01-10,,284.16,386.2,False,False,True
4561143213631270,1363127,1,1994-01-30,,825.68,305.79,True,False,False
13630762,1363076,1,1995-04-03,,918.78,67.3,False,True,False
13631682,1363168,1,1994-10-12,,12440.33,67.58,False,True,False
13633563,1363356,1,1993-09-09,,285.45,148.06,False,False,True
13633982,1363398,1,1995-09-02,,2569.26,86.13,False,True,False
13631412,1363141,1,1994-01-17,,142.78,563.15,False,True,False
4561143213625800,1362580,1,1992-03-30,,448.96,1500.0,True,False,False
4561143213624890,1362489,0,1990-08-16,1995-09-18,1465.41,20.0,True,False,False
4561143213630870,1363087,1,1993-09-04,,91.29,1000.0,True,False,False
4561143213626970,1362697,1,1995-11-24,,0.0,0.0,True,False,False
4561143213626330,1362633,1,1994-01-23,,249.18,1000.0,True,False,False
13629333,1362933,1,1995-06-03,,268.67,17.18,False,False,True
13632093,1363209,0,1986-02-03,1995-08-29,264.69,1813.9,False,False,True
13633032,1363303,1,1995-02-18,,2789.57,39.22,False,True,False
4561143213625480,1362548,1,1986-11-11,,6965.25,68.68,True,False,False
4561143213634860,1363486,1,1995-12-08,,0.0,0.0,True,False,False
13627342,1362734,0,1993-04-04,1995-03-06,336.21,317.02,False,True,False
13632233,1363223,1,1992-06-13,,2653.96,2771.42,False,False,True
13626252,1362625,0,1990-06-29,1995-05-05,489.23,533.18,False,True,False
13630043,1363004,1,1993-06-17,,167.29,169.81,False,False,True
13628502,1362850,1,1995-10-30,,2682.82,1179.4,False,True,False
13626192,1362619,1,1994-11-30,,4071.26,759.22,False,True,False
13629522,1362952,1,1994-07-07,,1069.57,473.45,False,True,False
13624882,1362488,1,1989-10-31,,4234.94,122.42,False,True,False
13627353,1362735,1,1995-09-16,,117.95,288.87,False,False,True
4561143213626300,1362630,0,1992-03-31,1995-03-19,2016.58,962.62,True,False,False
13630923,1363092,1,1995-07-28,,257.16,397.29,False,False,True
4561143213629600,1362960,1,1986-07-24,,5951.37,8600.0,True,False,False
13633713,1363371,1,1993-05-22,,726.33,87.77,False,False,True
13632612,1363261,1,1992-03-11,,4185.93,1606.69,False,True,False
13632013,1363201,1,1995-06-22,,100.24,74.54,False,False,True
13626112,1362611,1,1987-08-22,,362.81,361.31,False,True,False
4561143213625350,1362535,1,1990-05-15,,204.27,0.0,True,False,False
4561143213633440,1363344,1,1993-06-22,,690.04,1000.0,True,False,False
13625893,1362589,1,1994-04-14,,218.78,833.68,False,False,True
13627592,1362759,1,1993-05-27,,433.27,4.62,False,True,False
13633282,1363328,1,1995-03-07,,189.43,669.27,False,True,False
4561143213634540,1363454,1,1990-08-10,,2670.27,1336.4,True,False,False
13633902,1363390,1,1995-12-15,,2716.75,446.35,False,True,False
13634383,1363438,1,1993-03-02,,154.44,95.3,False,False,True
4561143213629110,1362911,0,1992-05-21,1995-12-23,1328.83,67.61,True,False,False
13632272,1363227,1,1995-12-02,,2524.76,3342.38,False,True,False
4561143213632750,1363275,1,1994-12-22,,408.78,805.19,True,False,False
13629802,1362980,1,1993-07-10,,2778.92,118.27,False,True,False
13625113,1362511,1,1993-04-29,,282.9,748.73,False,False,True
4561143213628580,1362858,1,1995-01-05,,0.0,708.2,True,False,False
13628962,1362896,0,1993-05-15,1995-12-22,5929.92,512.63,False,True,False
13632662,1363266,1,1995-11-19,,2820.64,1.98,False,True,False
4561143213625940,1362594,0,1992-03-03,1995-07-19,9557.0,0.0,True,False,False
4561143213627150,1362715,1,1989-11-11,,418.99,933.22,True,False,False
13629182,1362918,1,1994-05-16,,278.13,142.87,False,True,False
4561143213633060,1363306,1,1995-02-17,,0.0,137.4,True,False,False
13633763,1363376,1,1995-02-14,,344.08,1345.44,False,False,True
4561143213634410,1363441,1,1986-08-05,,854.16,32.33,True,False,False
13628292,1362829,1,1993-08-20,,638.32,2516.2,False,True,False
13629482,1362948,1,1994-09-26,,3708.36,554.35,False,True,False
4561143213634680,1363468,1,1995-11-16,,0.0,5500.0,True,False,False
4561143213633980,1363398,1,1995-01-14,,0.0,1000.0,True,False,False
13627403,1362740,0,1994-02-15,1995-08-12,118.82,119.87,False,False,True
13627762,1362776,1,1995-01-17,,2732.3,31.28,False,True,False
4561143213631070,1363107,1,1994-09-08,,478.51,89.15,True,False,False
13624802,1362480,1,1992-12-23,,331.85,86.86,False,True,False
13632972,1363297,1,1992-03-05,,327.75,39.24,False,True,False
13634693,1363469,1,1995-04-08,,2055.19,1701.12,False,False,True
4561143213627170,1362717,1,1995-10-24,,0.0,1000.0,True,False,False
13628822,1362882,1,1991-02-16,,315.99,4.69,False,True,False
13628142,1362814,1,1995-03-09,,319.87,656.39,False,True,False
13632033,1363203,1,1995-06-23,,2704.88,3216.39,False,False,True
4561143213628640,1362864,1,1995-09-20,,0.0,0.0,True,False,False
13631333,1363133,1,1989-10-20,,173.72,1082.35,False,False,True
13628212,1362821,1,1995-05-09,,2652.36,994.79,False,True,False
13626313,1362631,1,1991-06-17,,525.37,533.3,False,False,True
4561143213629860,1362986,1,1995-03-04,,0.0,1932.1,True,False,False
4561143213629720,1362972,1,1994-06-24,,1837.24,711.32,True,False,False
13630223,1363022,1,1995-01-16,,137.96,140.0,False,False,True
4561143213626250,1362625,1,1989-01-03,,3191.36,735.29,True,False,False
13628153,1362815,1,1995-11-13,,594.33,348.98,False,False,True
4561143213628500,1362850,1,1991-07-18,,245.09,37.88,True,False,False
13626632,1362663,1,1992-10-21,,246.42,92.92,False,True,False
13625723,1362572,1,1993-11-17,,202.51,432.85,False,False,True
4561143213628530,1362853,1,1995-09-12,,0.0,1073.95,True,False,False
4561143213629520,1362952,1,1994-06-04,,3038.8,782.77,True,False,False
13632302,1363230,1,1995-06-08,,2620.42,551.28,False,True,False
13629953,1362995,1,1989-08-18,,473.67,2978.58,False,False,True
13626052,1362605,1,1994-05-21,,256.11,7.84,False,True,False
13633772,1363377,1,1995-04-13,,2731.16,146.5,False,True,False
4561143213633120,1363312,1,1995-09-22,,0.0,4400.0,True,False,False
13628982,1362898,1,1995-11-06,,356.91,219.21,False,True,False
4561143213629740,1362974,1,1994-04-02,,802.2,271.87,True,False,False
13629663,1362966,1,1993-10-17,,174.49,124.13,False,False,True
13629372,1362937,1,1993-08-11,,251.19,377.3,False,True,False
4561143213633280,1363328,1,1995-03-29,,0.0,538.93,True,False,False
4561143213634740,1363474,1,1995-06-30,,0.0,702.74,True,False,False
4561143213631600,1363160,1,1988-10-12,,657.46,286.69,True,False,False
4561143213629490,1362949,1,1994-08-03,,1982.74,3000.0,True,False,False
4561143213633900,1363390,1,1995-04-06,,0.0,1860.67,True,False,False
13625652,1362565,1,1995-05-28,,5753.09,271.08,False,True,False
13634663,1363466,1,1989-11-27,,542.05,1100.9,False,False,True
4561143213633930,1363393,1,1995-06-13,,0.0,1000.0,True,False,False
13630782,1363078,1,1995-09-12,,301.36,167.83,False,True,False
4561143213629540,1362954,1,1995-04-11,,0.0,1226.12,True,False,False
4561143213629180,1362918,1,1994-01-15,,345.5,1000.0,True,False,False
4561143213626610,1362661,1,1991-02-01,,926.05,1000.0,True,False,False
4561143213628290,1362829,1,1995-03-01,,0.0,2033.41,True,False,False
13634102,1363410,1,1994-09-30,,3584.44,8.13,False,True,False
4561143213632970,1363297,1,1990-02-15,,805.7,67.82,True,False,False
13625493,1362549,1,1993-03-22,,312.39,1039.96,False,False,True
13625872,1362587,1,1990-08-08,,2520.63,292.0,False,True,False
13630673,1363067,1,1993-11-25,,284.01,288.33,False,False,True
13629242,1362924,1,1992-08-22,,2593.78,0.0,False,True,False
4561143213634490,1363449,1,1994-11-05,,991.87,636.53,True,False,False
4561143213628140,1362814,1,1995-08-06,,0.0,1000.0,True,False,False
4561143213633820,1363382,1,1995-03-02,,0.0,1000.0,True,False,False
4561143213628210,1362821,1,1994-10-25,,967.86,0.0,True,False,False
13633082,1363308,1,1994-08-10,,5568.05,5651.4,False,True,False
13633312,1363331,1,1991-04-22,,4246.48,2897.68,False,True,False
13631832,1363183,1,1993-08-09,,6161.04,279.72,False,True,False
13629253,1362925,1,1993-03-14,,592.32,1770.46,False,False,True
13632283,1363228,1,1995-06-26,,310.44,1538.46,False,False,True
4561143213626630,1362663,1,1991-11-04,,1828.87,4400.0,True,False,False
13632952,1363295,0,1989-05-03,1995-12-20,261.09,68.65,False,True,False
13632192,1363219,1,1989-03-05,,4312.1,13.46,False,True,False
13632903,1363290,1,1995-08-09,,2229.39,2594.47,False,False,True
13629922,1362992,1,1995-06-02,,272.23,5.85,False,True,False
13634802,1363480,1,1995-02-09,,2072.19,33.77,False,True,False
13633703,1363370,1,1993-10-05,,146.95,149.17,False,False,True
4561143213625920,1362592,0,1993-05-31,1995-12-20,2106.82,310.1,True,False,False
4561143213626050,1362605,1,1991-01-11,,705.21,1000.0,True,False,False
13627712,1362771,1,1993-05-10,,162.03,141.86,False,True,False
13634922,1363492,1,1991-12-31,,1350.61,106.14,False,True,False
13629973,1362997,1,1995-05-12,,198.95,201.95,False,False,True
13630702,1363070,1,1994-09-01,,212.25,307.97,False,True,False
13628092,1362809,1,1989-01-31,,3199.27,1160.14,False,True,False
4561143213629370,1362937,0,1994-07-22,1995-11-10,1671.88,0.0,True,False,False
13634482,1363448,0,1993-02-03,1995-11-02,5540.21,1961.87,False,True,False
13627653,1362765,0,1992-11-03,1995-02-04,153.0,1363.11,False,False,True
13626862,1362686,1,1995-07-24,,337.72,13.37,False,True,False
13633362,1363336,1,1993-01-10,,4355.05,195.15,False,True,False
13629693,1362969,1,1992-03-15,,1063.49,5792.74,False,False,True
13625373,1362537,1,1990-03-25,,121.43,1603.69,False,False,True
13625463,1362546,1,1990-02-19,,120.49,991.01,False,False,True
13632682,1363268,0,1989-06-25,1995-02-24,192.61,1094.41,False,True,False
13628012,1362801,1,1995-10-31,,398.0,0.0,False,True,False
4561143213633080,1363308,0,1994-08-10,1995-04-15,2794.47,498.06,True,False,False
13624973,1362497,1,1992-06-10,,572.95,10.86,False,False,True
13631953,1363195,1,1993-09-24,,291.56,764.77,False,False,True
4561143213633230,1363323,1,1994-12-09,,7159.74,1953.27,True,False,False
4561143213632950,1363295,1,1989-05-03,,969.91,1000.0,True,False,False
13628442,1362844,1,1994-10-07,,1080.3,162.1,False,True,False
13632573,1363257,1,1993-09-08,,273.21,1209.67,False,False,True
13629303,1362930,1,1993-07-28,,204.4,800.42,False,False,True
13631402,1363140,1,1994-07-31,,237.14,0.0,False,True,False
13634352,1363435,1,1989-10-29,,2606.3,329.74,False,True,False
4561143213627710,1362771,1,1993-11-12,,1127.54,1200.0,True,False,False
13630732,1363073,1,1988-10-25,,2804.23,125.9,False,True,False
13632162,1363216,1,1993-12-31,,2272.32,1015.46,False,True,False
13626742,1362674,1,1995-04-18,,2650.19,375.15,False,True,False
4561143213628090,1362809,1,1989-01-31,,2481.47,0.0,True,False,False
13633533,1363353,0,1989-06-23,1995-04-13,264.84,1663.95,False,False,True
13628202,1362820,1,1990-05-10,,27072.38,13185.47,False,True,False
13627223,1362722,1,1995-10-30,,257.31,261.18,False,False,True
13627582,1362758,1,1994-11-03,,2578.51,407.32,False,True,False
13626492,1362649,1,1995-02-20,,134.68,30.47,False,True,False
4561143213634480,1363448,1,1995-01-09,,0.0,1400.0,True,False,False
13625133,1362513,1,1994-10-14,,389.39,352.05,False,False,True
4561143213626860,1362686,1,1995-04-25,,0.0,99.9,True,False,False
13626753,1362675,1,1994-06-10,,200.89,274.78,False,False,True
13629042,1362904,1,1987-03-23,,286.22,461.88,False,True,False
13628062,1362806,1,1993-11-22,,218.47,2561.24,False,True,False
4561143213628010,1362801,1,1994-02-28,,393.8,45.23,True,False,False
4561143213630590,1363059,1,1995-04-13,,0.0,1200.0,True,False,False
4561143213628440,1362844,1,1993-04-08,,420.49,584.13,True,False,False
4561143213633420,1363342,1,1993-10-20,,616.39,1600.0,True,False,False
13633213,1363321,1,1994-07-23,,172.7,1009.61,False,False,True
4561143213634830,1363483,1,1993-04-09,,946.26,1000.0,True,False,False
13629053,1362905,1,1991-05-30,,522.29,688.98,False,False,True
13634953,1363495,1,1994-11-16,,2321.9,2783.16,False,False,True
4561143213634350,1363435,1,1991-02-15,,535.71,643.34,True,False,False
4561143213630710,1363071,1,1995-04-25,,0.0,298.42,True,False,False
13628082,1362808,0,1993-12-12,1995-02-15,4076.5,1724.92,False,True,False
4561143213626070,1362607,1,1994-01-23,,1957.45,903.36,True,False,False
13633843,1363384,1,1992-04-11,,823.5,3419.28,False,False,True
13626412,1362641,1,1988-11-28,,2705.53,1566.97,False,True,False
13632542,1363254,0,1991-07-25,1995-03-14,318.71,737.37,False,True,False
13632083,1363208,1,1995-08-14,,150.23,1094.05,False,False,True
13630842,1363084,1,1995-07-10,,4473.55,1909.09,False,True,False
13631383,1363138,1,1993-02-17,,268.3,1293.45,False,False,True
4561143213626490,1362649,1,1992-06-17,,187.17,1000.0,True,False,False
13627673,1362767,1,1993-03-21,,276.81,1098.48,False,False,True
13629672,1362967,1,1992-09-19,,170.42,271.49,False,True,False
13628232,1362823,1,1994-04-22,,418.3,7.35,False,True,False
4561143213628060,1362806,1,1994-11-27,,214.46,1541.64,True,False,False
13630582,1363058,1,1988-10-27,,2744.91,121.27,False,True,False
13633263,1363326,1,1995-03-25,,570.24,578.09,False,False,True
13628793,1362879,1,1995-06-18,,326.33,856.61,False,False,True
13629683,1362968,1,1994-08-30,,795.43,510.19,False,False,True
4561143213630760,1363076,1,1993-09-03,,6842.2,770.56,True,False,False
13631922,1363192,1,1992-08-27,,1316.25,42.85,False,True,False
13631973,1363197,1,1993-10-10,,100.91,347.2,False,False,True
13632363,1363236,1,1994-09-19,,288.72,1067.7,False,False,True
4561143213630560,1363056,1,1994-01-24,,303.47,821.42,True,False,False
13626802,1362680,1,1993-10-22,,235.29,848.22,False,True,False
13625883,1362588,1,1990-10-20,,252.24,9.71,False,False,True
13627702,1362770,1,1994-09-24,,407.29,237.69,False,True,False
4561143213633030,1363303,1,1995-04-22,,0.0,1000.0,True,False,False
13624893,1362489,1,1993-09-13,,760.24,373.65,False,False,True
13631693,1363169,1,1991-07-10,,151.54,153.82,False,False,True
13626973,1362697,1,1994-07-15,,598.02,596.47,False,False,True
4561143213631460,1363146,1,1991-02-08,,2782.38,0.0,True,False,False
4561143213626410,1362641,1,1988-11-28,,502.37,172.99,True,False,False
13626722,1362672,1,1995-12-18,,177.94,669.16,False,True,False
13627912,1362791,1,1994-02-24,,2671.0,874.16,False,True,False
4561143213626190,1362619,1,1994-04-05,,3866.7,0.0,True,False,False
4561143213628230,1362823,0,1989-06-12,1995-04-18,2194.14,98.04,True,False,False
13627642,1362764,1,1994-04-05,,278.11,728.77,False,True,False
13630092,1363009,1,1995-04-09,,12692.83,9253.73,False,True,False
13627023,1362702,1,1990-03-17,,698.68,12.53,False,False,True
13629022,1362902,1,1990-11-11,,117.73,112.94,False,True,False
13626522,1362652,1,1995-10-08,,315.75,26.93,False,True,False
13627962,1362796,1,1989-10-06,,251.12,254.93,False,True,False
13633752,1363375,1,1993-07-18,,281.8,172.83,False,True,False
13634022,1363402,1,1995-02-19,,3294.44,9.62,False,True,False
13632052,1363205,0,1994-07-06,1995-02-22,2588.17,1395.69,False,True,False
13625243,1362524,1,1988-07-18,,147.65,619.05,False,False,True
13632003,1363200,1,1993-10-24,,114.43,1357.19,False,False,True
13630122,1363012,1,1993-05-13,,1115.62,5.59,False,True,False
13631303,1363130,1,1994-06-22,,122.54,68.7,False,False,True
13629603,1362960,1,1986-07-24,,6223.15,6273.27,False,False,True
4561143213631130,1363113,1,1995-09-04,,0.0,660.4,True,False,False
4561143213632630,1363263,1,1995-03-29,,0.0,1218.94,True,False,False
4561143213632610,1363261,1,1992-09-06,,143.33,1000.0,True,False,False
13629493,1362949,1,1994-08-03,,102.63,389.24,False,False,True
13627532,1362753,1,1995-02-26,,193.01,79.24,False,True,False
13633013,1363301,1,1995-03-23,,292.49,417.32,False,False,True
4561143213625650,1362565,1,1987-02-27,,829.07,1358.19,True,False,False
13624863,1362486,1,1989-07-13,,284.48,116.24,False,False,True
4561143213626110,1362611,1,1994-06-04,,2477.19,133.87,True,False,False
4561143213626130,1362613,1,1989-01-21,,248.01,1000.0,True,False,False
4561143213634100,1363410,1,1995-11-01,,0.0,0.0,True,False,False
13634652,1363465,1,1995-12-29,,2605.3,1632.35,False,True,False
13630173,1363017,0,1994-04-27,1995-10-31,2011.02,2901.35,False,False,True
13628772,1362877,1,1993-03-16,,100.36,612.35,False,True,False
4561143213627590,1362759,1,1990-05-24,,1320.06,835.19,True,False,False
13633443,1363344,1,1995-12-20,,108.33,253.92,False,False,True
13631273,1363127,1,1995-02-13,,122.21,124.01,False,False,True
4561143213626720,1362672,1,1995-08-14,,0.0,226.57,True,False,False
4561143213632270,1363227,1,1995-03-27,,0.0,588.15,True,False,False
13630932,1363093,1,1986-05-30,,112.89,1079.16,False,True,False
4561143213629800,1362980,1,1992-09-19,,107.81,512.73,True,False,False
13634543,1363454,1,1990-08-10,,253.3,782.26,False,False,True
13625852,1362585,1,1991-03-09,,381.4,176.63,False,True,False
13626942,1362694,1,1995-08-12,,3993.34,93.66,False,True,False
13625803,1362580,1,1992-10-12,,468.82,163.39,False,False,True
4561143213632050,1363205,1,1994-05-28,,2825.91,684.12,True,False,False
13624922,1362492,1,1995-04-23,,5101.6,582.82,False,True,False
4561143213626830,1362683,1,1992-09-15,,2896.67,5359.08,True,False,False
4561143213632660,1363266,1,1995-02-24,,0.0,994.65,True,False,False
13628583,1362858,1,1994-12-16,,1561.41,592.84,False,False,True
4561143213629480,1362948,1,1987-08-22,,1393.56,813.51,True,False,False
13627153,1362715,1,1989-11-11,,110.12,195.07,False,False,True
13626333,1362633,1,1992-10-23,,123.78,57.34,False,False,True
13633063,1363306,1,1995-05-28,,698.96,1193.26,False,False,True
13632862,1363286,1,1993-07-25,,2524.17,51.57,False,True,False
13627842,1362784,1,1995-01-24,,7450.72,1095.71,False,True,False
13625483,1362548,1,1986-11-11,,250.24,254.02,False,False,True
13628392,1362839,1,1992-06-01,,8885.44,32.8,False,True,False
4561143213624800,1362480,0,1992-12-23,1995-12-15,1607.4,20.0,True,False,False
4561143213627530,1362753,1,1993-01-03,,2204.46,3000.0,True,False,False
13629193,1362919,1,1995-11-01,,313.92,318.66,False,False,True
13630062,1363006,1,1995-04-05,,2760.46,897.68,False,True,False
13634042,1363404,1,1995-09-23,,259.35,823.63,False,True,False
13634413,1363441,0,1986-08-05,1995-08-23,118.53,581.29,False,False,True
4561143213628820,1362882,1,1993-04-08,,2058.92,33.52,True,False,False
13631672,1363167,1,1993-03-07,,5488.09,68.61,False,True,False
13626372,1362637,1,1995-06-28,,319.45,72.09,False,True,False
13625512,1362551,1,1995-09-18,,352.97,2044.22,False,True,False
13630153,1363015,1,1995-11-12,,380.21,385.97,False,False,True
13632182,1363218,1,1995-04-26,,2812.42,380.37,False,True,False
13626432,1362643,1,1992-02-27,,4286.4,1860.19,False,True,False
13631683,1363168,1,1995-02-10,,1210.75,2333.47,False,False,True
13632492,1363249,1,1993-06-04,,949.93,2877.12,False,True,False
13627853,1362785,1,1993-06-25,,349.7,337.9,False,False,True
4561143213630530,1363053,1,1995-03-01,,0.0,918.09,True,False,False
13627262,1362726,1,1995-04-18,,180.28,13.37,False,True,False
13625943,1362594,1,1994-06-29,,1985.18,6619.84,False,False,True
4561143213624920,1362492,1,1995-08-09,,0.0,2000.0,True,False,False
13634672,1363467,1,1995-01-15,,4155.98,58.47,False,True,False
13632882,1363288,1,1995-02-20,,640.62,1393.38,False,True,False
13630262,1363026,1,1994-03-21,,777.74,2744.43,False,True,False
13628312,1362831,0,1994-11-08,1995-02-22,2170.02,123.78,False,True,False
13634683,1363468,1,1995-07-28,,273.99,927.28,False,False,True
13628993,1362899,1,1993-04-30,,1769.93,1823.77,False,False,True
4561143213633770,1363377,1,1994-11-09,,332.67,844.08,True,False,False
13628752,1362875,1,1990-02-28,,147.02,1174.11,False,True,False
13634813,1363481,1,1994-07-12,,155.93,1606.92,False,False,True
13629723,1362972,1,1992-02-28,,493.93,680.94,False,False,True
4561143213632070,1363207,1,1994-02-09,,886.67,777.0,True,False,False
13627343,1362734,0,1993-08-20,1995-08-29,434.71,438.53,False,False,True
4561143213629400,1362940,1,1994-04-06,,73.17,41.22,True,False,False
13628552,1362855,1,1994-09-02,,202.3,1070.87,False,True,False
13632412,1363241,1,1993-04-28,,478.79,18.37,False,True,False
4561143213634220,1363422,0,1992-10-24,1995-12-09,1772.11,20.0,True,False,False
13630473,1363047,0,1992-08-19,1995-09-02,142.02,417.52,False,False,True
13628503,1362850,1,1991-07-29,,118.45,120.25,False,False,True
13627173,1362717,1,1994-11-16,,184.03,186.79,False,False,True
13627092,1362709,1,1991-08-25,,2254.04,185.9,False,True,False
4561143213630780,1363078,1,1991-04-06,,2385.21,1147.07,True,False,False
13629523,1362952,0,1992-01-26,1995-03-31,231.89,232.76,False,False,True
13628643,1362864,1,1995-03-07,,173.89,176.53,False,False,True
13628913,1362891,1,1990-11-02,,767.62,1743.57,False,False,True
13629863,1362986,1,1995-06-13,,1161.47,434.43,False,False,True
13631652,1363165,1,1990-01-20,,2244.1,95.8,False,True,False
13633332,1363333,1,1991-01-04,,220.95,4.31,False,True,False
4561143213626370,1362637,1,1995-06-11,,0.0,1200.0,True,False,False
13626693,1362669,1,1990-12-05,,173.96,1693.81,False,False,True
13632102,1363210,1,1995-06-05,,2042.38,121.53,False,True,False
13628533,1362853,1,1995-06-10,,918.64,1025.23,False,False,True
13633283,1363328,1,1995-12-28,,102.26,1308.55,False,False,True
4561143213625870,1362587,1,1989-09-20,,879.47,859.44,True,False,False
13631603,1363160,1,1988-05-09,,113.04,122.54,False,False,True
4561143213629240,1362924,1,1995-08-28,,0.0,1000.0,True,False,False
13633952,1363395,1,1987-01-26,,2555.08,1520.9,False,True,False
13634743,1363474,1,1990-05-12,,5095.53,4622.61,False,False,True
4561143213626430,1362643,0,1992-02-27,1995-04-28,1536.24,559.57,True,False,False
4561143213633310,1363331,1,1992-07-24,,7574.56,2264.61,True,False,False
4561143213632490,1363249,1,1993-04-18,,2615.76,3082.05,True,False,False
13632722,1363272,1,1995-09-05,,371.89,195.31,False,True,False
13633903,1363390,1,1995-10-18,,253.08,740.57,False,False,True
13625792,1362579,1,1992-01-03,,100.84,431.33,False,True,False
13632383,1363238,1,1991-07-11,,189.51,192.39,False,False,True
4561143213632190,1363219,1,1990-11-03,,227.47,1000.0,True,False,False
13629172,1362917,1,1989-01-18,,447.68,45.45,False,True,False
13626613,1362661,1,1995-11-02,,818.48,2226.62,False,False,True
13627012,1362701,1,1994-01-22,,217.14,223.09,False,True,False
13633823,1363382,1,1994-08-11,,108.39,272.05,False,False,True
13627442,1362744,1,1995-08-03,,219.21,205.93,False,True,False
4561143213628280,1362828,1,1988-04-04,,184.35,1000.0,True,False,False
4561143213634670,1363467,1,1993-06-30,,1193.89,1500.0,True,False,False
13632522,1363252,1,1994-12-15,,225.77,32.18,False,True,False
13629183,1362918,1,1995-08-31,,318.67,270.7,False,False,True
13630822,1363082,1,1994-05-24,,5042.95,314.35,False,True,False
13632802,1363280,1,1993-11-22,,275.6,269.95,False,True,False
13628572,1362857,1,1994-07-11,,101.4,7.47,False,True,False
13628293,1362829,1,1995-12-12,,669.51,2510.16,False,False,True
13632832,1363283,1,1995-04-18,,121.77,18.54,False,True,False
4561143213630260,1363026,1,1991-06-08,,1421.82,2500.0,True,False,False
4561143213631350,1363135,1,1990-03-09,,3139.52,247.32,True,False,False
4561143213632410,1363241,1,1992-07-18,,287.85,1352.7,True,False,False
4561143213634920,1363492,1,1991-12-31,,4128.58,6869.0,True,False,False
13630032,1363003,1,1990-08-16,,153.23,177.26,False,True,False
4561143213630700,1363070,1,1994-07-01,,390.58,774.22,True,False,False
13632352,1363235,1,1993-09-29,,2887.85,1067.57,False,True,False
4561143213633550,1363355,1,1994-12-11,,2643.94,291.58,True,False,False
13626053,1362605,1,1994-03-26,,593.88,611.94,False,False,True
13629413,1362941,0,1990-08-01,1995-02-01,149.15,877.14,False,False,True
4561143213632130,1363213,1,1995-03-29,,0.0,1046.11,True,False,False
13626663,1362666,1,1991-02-23,,574.42,300.42,False,False,True
13625653,1362565,1,1986-05-22,,319.68,941.16,False,False,True
13625712,1362571,0,1991-04-28,1995-01-10,257.68,62.94,False,True,False
4561143213632720,1363272,1,1995-08-11,,0.0,1016.12,True,False,False
4561143213632110,1363211,0,1992-08-11,1995-12-19,1724.93,112.99,True,False,False
13634152,1363415,1,1995-12-29,,2717.85,21.41,False,True,False
4561143213631940,1363194,0,1992-09-09,1995-07-24,3076.55,82.15,True,False,False
4561143213625790,1362579,0,1992-01-19,1995-06-25,2529.61,1050.0,True,False,False
4561143213632680,1363268,1,1989-06-25,,1873.47,1800.0,True,False,False
13634103,1363410,1,1995-05-26,,869.13,895.56,False,False,True
13630982,1363098,1,1995-05-25,,2874.57,17.71,False,True,False
4561143213632520,1363252,1,1994-02-23,,776.26,1000.0,True,False,False
4561143213631400,1363140,1,1993-08-17,,315.24,1000.0,True,False,False
4561143213630820,1363082,1,1993-10-18,,819.46,907.82,True,False,False
4561143213632160,1363216,1,1992-07-15,,428.71,1000.0,True,False,False
13633083,1363308,1,1994-08-10,,374.47,1585.57,False,False,True
4561143213630960,1363096,1,1989-12-20,,388.35,0.0,True,False,False
4561143213628570,1362857,1,1994-02-20,,13.11,357.0,True,False,False
13632333,1363233,0,1993-09-28,1995-04-25,453.28,161.69,False,False,True
4561143213632830,1363283,1,1995-04-18,,0.0,1100.0,True,False,False
4561143213625470,1362547,1,1995-04-16,,0.0,952.52,True,False,False
13632953,1363295,1,1989-05-03,,130.66,222.18,False,False,True
4561143213628200,1362820,1,1992-11-30,,4011.25,4231.59,True,False,False
13626813,1362681,1,1995-05-25,,3232.61,3629.45,False,False,True
4561143213629040,1362904,1,1990-09-18,,1445.69,679.69,True,False,False
13627713,1362771,1,1995-12-02,,215.21,2361.62,False,False,True
13628362,1362836,1,1990-06-20,,220.22,7.72,False,True,False
13628093,1362809,1,1989-01-31,,270.75,274.83,False,False,True
13633612,1363361,0,1994-02-24,1995-02-18,3650.35,21.54,False,True,False
4561143213630060,1363006,1,1995-07-18,,0.0,1628.72,True,False,False
13633423,1363342,1,1993-04-17,,280.35,57.96,False,False,True
13631172,1363117,1,1990-12-14,,451.14,0.0,False,True,False
13634523,1363452,1,1995-12-28,,2423.96,1874.79,False,False,True
13634472,1363447,1,1994-02-12,,2560.04,346.08,False,True,False
13633272,1363327,1,1995-04-02,,2609.01,235.65,False,True,False
13625782,1362578,1,1993-07-11,,2621.11,211.68,False,True,False
4561143213628080,1362808,1,1995-12-23,,0.0,1600.0,True,False,False
13634483,1363448,1,1990-10-13,,860.18,1763.31,False,False,True
13632372,1363237,1,1994-08-31,,7563.81,135.39,False,True,False
13626863,1362686,1,1995-03-06,,147.46,162.53,False,False,True
13632432,1363243,1,1991-08-30,,2746.0,852.22,False,True,False
13624852,1362485,1,1995-09-26,,209.78,45.49,False,True,False
13630713,1363071,0,1994-08-15,1995-07-10,2167.05,1083.77,False,False,True
13631872,1363187,0,1990-05-07,1995-08-24,368.7,22.94,False,True,False
4561143213632540,1363254,1,1993-03-25,,1039.87,31.04,True,False,False
13634342,1363434,1,1992-06-29,,5344.31,22.53,False,True,False
4561143213626100,1362610,1,1987-04-22,,720.85,545.57,True,False,False
13630643,1363064,1,1995-06-09,,220.97,1103.03,False,False,True
4561143213630840,1363084,1,1995-09-26,,0.0,1700.0,True,False,False
13628443,1362844,1,1994-08-17,,142.75,1493.41,False,False,True
13630902,1363090,1,1995-07-04,,304.52,0.0,False,True,False
13626743,1362674,0,1994-06-21,1995-06-27,128.4,8.21,False,False,True
13627932,1362793,0,1992-04-06,1995-09-24,3699.71,291.67,False,True,False
13633052,1363305,1,1995-02-25,,315.42,31.9,False,True,False
13625673,1362567,1,1989-09-23,,3314.95,5143.26,False,False,True
13625622,1362562,1,1995-11-17,,7997.57,5521.65,False,True,False
13627822,1362782,0,1994-12-10,1995-08-22,171.84,41.6,False,True,False
13633892,1363389,1,1993-08-09,,2580.12,300.18,False,True,False
4561143213631920,1363192,1,1992-08-14,,339.72,1000.0,True,False,False
4561143213626800,1362680,1,1995-10-01,,0.0,1000.0,True,False,False
4561143213627700,1362770,0,1993-01-10,1995-11-12,3645.16,20.0,True,False,False
13631413,1363141,1,1994-11-11,,177.33,528.57,False,False,True
4561143213627910,1362791,1,1994-02-24,,3115.73,157.42,True,False,False
13626222,1362622,1,1992-01-13,,4702.27,890.53,False,True,False
13626193,1362619,1,1993-04-27,,1099.65,1133.1,False,False,True
13624872,1362487,1,1995-01-12,,2781.07,1401.21,False,True,False
4561143213629020,1362902,1,1990-11-11,,273.45,346.97,True,False,False
13625023,1362502,1,1988-05-13,,228.81,697.68,False,False,True
4561143213634020,1363402,1,1992-08-15,,1119.41,1200.0,True,False,False
13628263,1362826,1,1995-10-23,,138.57,425.08,False,False,True
13625732,1362573,1,1990-06-16,,5292.05,1045.47,False,True,False
13631133,1363113,1,1995-12-05,,1205.12,1241.78,False,False,True
13632613,1363261,0,1989-03-09,1995-09-11,676.68,289.89,False,False,True
4561143213628770,1362877,1,1993-03-16,,64.64,80.0,True,False,False
13633072,1363307,1,1993-12-25,,2763.73,314.27,False,True,False
13627593,1362759,1,1990-09-05,,214.89,79.52,False,False,True
4561143213630930,1363093,1,1986-05-30,,254.38,1000.0,True,False,False
4561143213626940,1362694,1,1992-01-04,,1156.23,1360.3,True,False,False
4561143213630440,1363044,1,1990-06-18,,150.3,523.08,True,False,False
13629852,1362985,1,1995-11-09,,1067.03,65.82,False,True,False
4561143213627140,1362714,1,1990-11-05,,175.29,457.29,True,False,False
13626683,1362668,1,1990-11-29,,213.91,1470.67,False,False,True
13629803,1362980,1,1995-12-23,,232.0,310.32,False,False,True
13630082,1363008,1,1989-07-25,,4914.54,23.16,False,True,False
13627422,1362742,1,1991-12-01,,2647.42,2562.66,False,True,False
4561143213627210,1362721,1,1995-10-17,,0.0,1000.0,True,False,False
4561143213626400,1362640,1,1994-04-24,,1452.79,751.28,True,False,False
4561143213625710,1362571,1,1994-04-22,,646.48,959.28,True,False,False
4561143213627840,1362784,1,1992-03-23,,2555.71,2764.67,True,False,False
4561143213628390,1362839,1,1992-06-01,,3640.88,3783.62,True,False,False
4561143213632180,1363218,1,1989-12-18,,632.92,1100.0,True,False,False
4561143213627260,1362726,1,1993-11-28,,1836.21,918.66,True,False,False
13624803,1362480,1,1992-12-23,,707.09,1187.97,False,False,True
4561143213632880,1363288,1,1993-11-16,,1886.71,1980.9,True,False,False
4561143213628310,1362831,1,1993-05-19,,4881.13,5600.0,True,False,False
13628933,1362893,1,1995-08-03,,290.57,976.43,False,False,True
13626022,1362602,1,1995-02-27,,428.9,626.79,False,True,False
4561143213625560,1362556,0,1992-01-20,1995-08-19,1433.94,20.0,True,False,False
4561143213626240,1362624,1,1990-11-29,,632.75,1400.0,True,False,False
4561143213628750,1362875,1,1989-02-24,,2810.91,3000.0,True,False,False
13626543,1362654,1,1992-10-17,,784.53,622.46,False,False,True
13627032,1362703,1,1994-09-18,,3649.18,107.33,False,True,False
