cust_id,acct_nbr,credit_limit,credit_rating,account_active,acct_start_date,acct_end_date,starting_balance,ending_balance,CA,CG,FA,IQ,PM,tran_amt,principal_amt,interest_amt,new_balance,avg_days_btwn_trans
1363160,4561143213631600,1000,0,1,1988-10-12,,657.46,286.69,6.0,46.0,0.0,4.0,12.0,380.0299999999999,370.7699999999999,-9.26,-286.69,5.313432835820896
1362487,4561143213624870,3000,0,1,1995-08-08,,0.0,1548.23,3.0,23.0,0.0,2.0,4.0,-1535.59,-1548.23,-13.629999999999999,-1548.23,4.387096774193548
1362548,4561143213625480,6700,0,1,1986-11-11,,6965.25,68.68,0.0,13.0,0.0,1.0,8.0,6977.25,6896.57,-80.68,-68.68,16.047619047619047
1362752,4561143213627520,2400,0,0,1994-10-09,1995-04-02,2302.14,0.0,1.0,9.0,0.0,1.0,4.0,2406.65,2302.14,-104.69,0.0,6.428571428571429
1363017,4561143213630170,1000,0,1,1995-02-08,,0.0,1000.0,4.0,46.0,0.0,3.0,10.0,-956.1000000000003,-1000.0,-44.44,-1000.0,5.145161290322581
1362609,4561143213626090,3000,0,1,1992-07-20,,1775.07,3000.0,3.0,29.0,0.0,0.0,12.0,-874.3000000000001,-1224.93,-350.63,-3000.0,8.186046511627907
1363486,4561143213634860,2000,10,1,1995-12-08,,0.0,0.0,0.0,0.0,0.0,38.0,0.0,0.0,0.0,-0.0,0.0,0.5675675675675675
1363078,4561143213630780,3000,0,1,1991-04-06,,2385.21,1147.07,6.0,30.0,0.0,2.0,12.0,1314.07,1238.14,-75.92999999999999,-1095.07,7.224489795918367
1363282,4561143213632820,1300,0,1,1988-01-12,,46.42,272.69,3.0,21.0,0.0,0.0,12.0,-190.06,-226.26999999999998,-36.66,-272.69,10.142857142857142
1363200,4561143213632000,1100,3,1,1995-02-01,,0.0,254.56,26.0,0.0,0.0,12.0,9.0,-238.8400000000001,-254.56000000000006,-15.9,-254.56,6.1521739130434785
1362588,4561143213625880,1000,0,1,1992-02-10,,453.45,1000.0,4.0,33.0,0.0,5.0,12.0,-513.1300000000001,-546.5500000000001,-33.6,-1000.0,6.716981132075472
1363261,4561143213632610,1000,0,1,1992-09-06,,143.33,1000.0,3.0,36.0,0.0,1.0,12.0,-831.2199999999999,-856.6700000000001,-26.35,-1000.0,6.764705882352941
1362853,4561143213628530,1300,0,1,1995-09-12,,0.0,1073.95,2.0,17.0,0.0,3.0,3.0,-1051.1299999999999,-1073.95,-23.45,-1073.95,4.5
1363057,4561143213630570,1000,0,1,1992-01-08,,1010.39,938.43,2.0,38.0,0.0,2.0,12.0,150.3599999999999,71.96000000000004,-79.57000000000001,-938.43,6.773584905660377
1363444,4561143213634440,1000,0,1,1995-03-19,,0.0,1000.0,1.0,45.0,0.0,5.0,9.0,-967.9500000000002,-1000.0000000000001,-32.05,-1000.0,4.830508474576271
1362649,4561143213626490,1000,0,1,1992-06-17,,187.17,1000.0,6.0,62.0,0.0,4.0,12.0,-755.16,-812.8299999999999,-57.849999999999994,-1000.0,4.204819277108434
1363036,4561143213630360,1200,0,1,1995-04-06,,0.0,1200.0,6.0,32.0,0.0,4.0,8.0,-1160.57,-1200.0,-39.79,-1200.0,5.1020408163265305
1363383,4561143213633830,1100,7,1,1992-07-07,,1069.93,0.0,0.0,0.0,0.0,75.0,7.0,1095.03,1069.9299999999998,-25.73,0.0,4.432098765432099
1362832,4561143213628320,8500,0,1,1995-11-18,,0.0,8500.0,4.0,24.0,0.0,0.0,1.0,-8500.0,-8500.0,-0.0,-8500.0,1.1428571428571428
1362506,4561143213625060,11400,0,1,1995-06-13,,0.0,4216.53,2.0,20.0,0.0,2.0,6.0,-4216.53,-4216.53,-0.0,-4216.53,6.896551724137931
1363158,4561143213631580,1000,7,1,1991-09-15,,364.24,121.67,0.0,0.0,0.0,0.0,12.0,282.41,243.47,-39.66,-121.67,30.545454545454547
1362975,4561143213629750,1800,0,1,1989-01-27,,556.1,525.5,0.0,19.0,0.0,0.0,12.0,83.22999999999996,30.600000000000023,-53.8,-525.5,11.5
1362546,4561143213625460,3000,0,1,1990-02-19,,2340.61,1292.63,6.0,61.0,0.0,4.0,12.0,1151.92,1074.5500000000002,-77.37,-1292.63,4.378048780487805
1362771,4561143213627710,1200,0,1,1993-11-12,,1127.54,1200.0,8.0,51.0,0.0,6.0,12.0,35.06999999999987,-72.4600000000001,-108.97,-1200.0,4.7368421052631575
1363484,4561143213634840,1000,0,1,1994-01-19,,867.01,408.08,3.0,23.0,0.0,2.0,11.0,471.14000000000004,458.93,-12.21,-408.08,9.421052631578947
1363097,4561143213630970,1100,0,1,1991-04-03,,872.15,1100.0,3.0,38.0,0.0,1.0,12.0,-168.11999999999992,-227.84999999999982,-60.269999999999996,-1100.0,6.490566037735849
1362607,4561143213626070,3700,0,1,1994-01-23,,1957.45,903.36,5.0,45.0,0.0,3.0,11.0,1076.7600000000002,1054.0900000000001,-22.67,-903.36,5.698412698412699
1362485,4561143213624850,1100,0,1,1992-04-13,,282.38,1100.0,7.0,50.0,0.0,3.0,12.0,-761.23,-817.6199999999999,-56.93,-1100.0,5.070422535211268
1362872,4561143213628720,1000,0,1,1992-04-21,,292.41,1000.0,0.0,53.0,0.0,3.0,12.0,-642.03,-707.5900000000001,-66.37,-1000.0,5.17910447761194
1362954,4561143213629540,6500,0,1,1995-04-11,,0.0,1226.12,3.0,28.0,0.0,5.0,8.0,-1226.12,-1226.12,-0.0,-1226.12,5.906976744186046
1362586,4561143213625860,3700,0,1,1992-01-28,,1374.28,3700.0,0.0,39.0,0.0,5.0,12.0,-1980.8400000000001,-2325.72,-344.88,-3700.0,6.581818181818182
1363219,4561143213632190,1000,0,1,1990-11-03,,227.47,1000.0,6.0,45.0,0.0,2.0,12.0,-728.58,-772.5299999999999,-44.58,-1000.0,5.640625
1362912,4561143213629120,1500,0,1,1992-11-13,,1299.01,1500.0,3.0,17.0,0.0,4.0,12.0,23.680000000000035,-200.9900000000001,-224.67000000000002,-1500.0,9.857142857142858
1362811,4561143213628110,1000,0,1,1994-04-03,,109.23,1000.0,7.0,44.0,0.0,6.0,12.0,-871.1299999999998,-890.77,-20.09,-1000.0,5.1911764705882355
1362708,4561143213627080,1000,0,1,1992-01-08,,275.64,1000.0,1.0,20.0,0.0,3.0,12.0,-594.68,-723.73,-130.31,-1000.0,9.771428571428572
1363280,4561143213632800,1000,0,1,1993-03-10,,328.17,1000.0,5.0,51.0,0.0,2.0,12.0,-667.21,-671.8299999999999,-4.62,-1000.0,5.057971014492754
1362565,4561143213625650,1400,0,1,1987-02-27,,829.07,1358.19,1.0,39.0,0.0,3.0,12.0,-473.19999999999993,-529.12,-56.19,-1358.19,6.685185185185185
1363076,4561143213630760,7100,0,1,1993-09-03,,6842.2,770.56,0.0,26.0,0.0,2.0,12.0,6227.09,6071.64,-155.45,-770.56,9.128205128205128
1363217,4561143213632170,3000,0,1,1994-10-26,,571.04,944.16,0.0,64.0,0.0,2.0,12.0,-273.18999999999994,-373.12000000000023,-100.28999999999999,-944.16,4.675324675324675
1362933,4561143213629330,1000,0,1,1990-02-02,,767.27,899.08,1.0,28.0,0.0,0.0,12.0,-43.66000000000004,-131.81,-88.15,-899.08,8.35
1363013,4561143213630130,1000,0,1,1994-10-26,,844.1,1000.0,6.0,63.0,0.0,10.0,12.0,-76.53000000000016,-155.90000000000015,-79.91,-986.91,3.8666666666666667
1363402,4561143213634020,1200,0,1,1992-08-15,,1119.41,1200.0,2.0,18.0,0.0,5.0,12.0,103.02000000000007,-80.59,-183.61,-1200.0,9.63888888888889
1363482,4561143213634820,3000,0,0,1989-07-24,1995-08-23,2917.91,355.26,5.0,35.0,1.0,4.0,8.0,2701.08,2562.6499999999996,-139.15,-355.26,4.461538461538462
1362525,4561143213625250,3000,0,1,1992-04-20,,2901.68,1051.01,8.0,69.0,0.0,9.0,12.0,1953.2600000000002,1850.6699999999996,-103.22,-943.7,3.6391752577319587
1362605,4561143213626050,1000,0,1,1991-01-11,,705.21,1000.0,1.0,18.0,0.0,0.0,12.0,-252.66000000000003,-294.7900000000001,-43.57,-1000.0,11.466666666666667
1363259,4561143213632590,1000,0,1,1988-03-11,,380.61,334.29,4.0,36.0,0.0,3.0,12.0,51.679999999999914,46.3199999999999,-5.36,-334.29,6.592592592592593
1362727,4561143213627270,4100,0,0,1994-05-16,1995-07-14,3673.82,0.0,3.0,15.0,0.0,1.0,7.0,3968.22,3673.82,-294.4,0.0,7.68
1362973,4561143213629730,3000,0,1,1995-02-01,,0.0,734.81,5.0,31.0,0.0,3.0,10.0,-709.13,-734.6299999999999,-25.68,-734.81,6.833333333333333
1363196,4561143213631960,1800,0,1,1993-09-24,,1420.35,1800.0,15.0,58.0,0.0,11.0,12.0,382.48999999999967,294.74999999999955,-87.74,-1800.0,3.5894736842105264
1362769,4561143213627690,1400,0,1,1995-05-06,,0.0,553.09,0.0,34.0,0.0,1.0,7.0,-553.0900000000003,-553.0900000000003,-0.0,-553.09,5.487804878048781
1363461,4561143213634610,3500,0,1,1993-09-19,,1575.67,1610.7,8.0,49.0,0.0,10.0,12.0,54.02000000000015,-35.0299999999998,-89.14,-1610.7,4.615384615384615
1362830,4561143213628300,1000,0,1,1994-02-14,,640.41,88.21,1.0,21.0,0.0,3.0,12.0,623.6099999999999,552.2000000000002,-72.4,-88.21,9.722222222222221
1362584,4561143213625840,1000,0,1,1995-09-13,,0.0,1000.0,4.0,24.0,0.0,3.0,3.0,-995.38,-999.9999999999999,-4.62,-982.49,2.8181818181818183
1362687,4561143213626870,1000,0,1,1995-04-30,,0.0,481.97,3.0,29.0,0.0,0.0,7.0,-481.97,-481.97,-0.0,-481.97,6.131578947368421
1363053,4561143213630530,2800,0,1,1995-03-01,,0.0,918.09,0.0,11.0,0.0,1.0,6.0,-918.09,-918.09,-0.0,-918.09,15.235294117647058
1362952,4561143213629520,3000,0,1,1994-06-04,,3038.8,782.77,2.0,26.0,0.0,4.0,12.0,2361.69,2256.0299999999997,-106.47,-782.77,8.30232558139535
1363175,4561143213631750,5000,0,1,1994-11-30,,2179.2,1148.45,13.0,61.0,0.0,2.0,12.0,1052.36,1030.7499999999998,-21.61,-1148.45,4.149425287356322
1363421,4561143213634210,3000,0,1,1988-09-19,,2828.16,814.67,3.0,39.0,0.0,6.0,12.0,2143.07,2013.4899999999998,-130.39,-814.67,6.101694915254237
1362767,4561143213627670,1000,0,1,1995-04-13,,0.0,290.54,5.0,30.0,0.0,3.0,8.0,-252.3,-290.54,-38.6,-290.54,5.644444444444445
1362809,4561143213628090,3800,0,1,1989-01-31,,2481.47,0.0,0.0,0.0,0.0,0.0,6.0,2536.72,2481.4700000000003,-55.25,0.0,30.0
1362563,4561143213625630,1000,0,1,1995-08-07,,0.0,1000.0,0.0,22.0,0.0,1.0,4.0,-979.62,-1000.0,-20.38,-875.75,5.0
1363135,4561143213631350,3000,0,1,1990-03-09,,3139.52,247.32,2.0,15.0,0.0,2.0,12.0,2963.21,2892.2,-71.64,-247.32,11.7
1362624,4561143213626240,1400,0,1,1990-11-29,,632.75,1400.0,9.0,28.0,0.0,0.0,12.0,-698.3400000000001,-767.2499999999999,-68.91,-1400.0,7.270833333333333
1363400,4561143213634000,7400,9,1,1994-07-21,,3293.54,2186.72,49.0,0.0,0.0,23.0,12.0,1290.3899999999999,1106.8200000000002,-184.38,-2186.72,4.313253012048193
1362746,4561143213627460,1000,0,1,1992-05-29,,1037.11,1000.0,3.0,42.0,0.0,8.0,12.0,90.99000000000001,37.110000000000014,-53.88,-1000.0,5.546875
1363257,4561143213632570,4800,7,1,1995-02-12,,0.0,2275.24,24.0,0.0,0.0,33.0,10.0,-2149.68,-2275.24,-125.56,-2275.24,4.787878787878788
1363215,4561143213632150,8700,0,1,1994-03-09,,9073.46,2089.45,2.0,23.0,0.0,3.0,12.0,7373.52,6984.009999999999,-390.77,-2089.45,9.076923076923077
1362849,4561143213628490,1100,0,1,1994-05-24,,1057.28,515.69,2.0,56.0,0.0,4.0,12.0,556.48,541.5900000000001,-14.89,-515.69,4.958904109589041
1363011,4561143213630110,4500,7,0,1990-03-15,1995-12-16,3488.29,20.0,22.0,0.0,1.0,21.0,12.0,3737.07,3468.29,-268.78,-20.0,6.236363636363636
1362645,4561143213626450,2900,0,0,1994-09-29,1995-09-10,2071.7,20.0,2.0,22.0,1.0,4.0,9.0,2320.23,2051.7,-268.62,-20.0,6.675675675675675
1362868,4561143213628680,1000,0,1,1994-09-23,,691.83,1000.0,0.0,38.0,0.0,2.0,12.0,-257.4300000000001,-308.17,-51.730000000000004,-1000.0,6.607843137254902
1362971,4561143213629710,1600,0,1,1995-03-09,,0.0,1600.0,2.0,18.0,0.0,1.0,9.0,-1451.77,-1600.0,-148.23,-1600.0,9.310344827586206
1362929,4561143213629290,4200,0,1,1995-06-30,,0.0,4200.0,2.0,25.0,0.0,3.0,6.0,-4032.97,-4199.999999999999,-167.03,-4200.0,4.885714285714286
1363236,4561143213632360,5800,0,1,1991-02-06,,5922.77,1555.34,8.0,85.0,0.0,6.0,12.0,4485.17,4367.429999999999,-117.74,-1555.34,3.272727272727273
1362725,4561143213627250,10300,0,1,1995-02-27,,0.0,1939.63,3.0,29.0,0.0,0.0,9.0,-1899.5900000000001,-1939.6299999999999,-40.76,-1939.63,7.375
1362828,4561143213628280,1000,0,1,1988-04-04,,184.35,1000.0,2.0,16.0,0.0,0.0,12.0,-692.1,-815.65,-124.36,-1000.0,11.655172413793103
1363194,4561143213631940,3600,0,0,1992-09-09,1995-07-24,3076.55,82.15,0.0,7.0,0.0,3.0,7.0,3079.37,2994.4,-84.97,-82.15,12.6875
1363297,4561143213632970,1000,0,1,1990-02-15,,805.7,67.82,4.0,26.0,0.0,2.0,12.0,749.23,737.8800000000001,-11.35,-67.82,8.023255813953488
1362643,4561143213626430,3000,0,0,1992-02-27,1995-04-28,1536.24,559.57,1.0,15.0,0.0,3.0,4.0,994.46,976.6700000000001,-17.79,-559.57,5.318181818181818
1363093,4561143213630930,1000,0,1,1986-05-30,,254.38,1000.0,2.0,16.0,0.0,2.0,12.0,-623.08,-745.62,-122.54,-1000.0,10.67741935483871
1363377,4561143213633770,3000,0,1,1994-11-09,,332.67,844.08,8.0,42.0,0.0,2.0,12.0,-476.5,-511.4100000000002,-34.910000000000004,-844.08,5.777777777777778
1362685,4561143213626850,1700,0,1,1995-05-12,,0.0,1208.1,2.0,29.0,0.0,3.0,7.0,-1150.1699999999998,-1208.1,-57.93,-1208.1,5.725
1363173,4561143213631730,1400,0,1,1994-07-09,,345.94,1400.0,2.0,23.0,0.0,3.0,12.0,-868.01,-1054.06,-186.04999999999998,-1400.0,8.871794871794872
1362950,4561143213629500,3000,3,1,1995-06-10,,0.0,162.95,6.0,0.0,0.0,3.0,6.0,-160.32000000000005,-162.95000000000005,-3.08,-162.95,12.571428571428571
1362765,4561143213627650,1000,0,1,1993-01-27,,902.92,999.18,4.0,51.0,0.0,4.0,12.0,-83.5399999999999,-96.25999999999993,-12.72,-999.18,5.1571428571428575
1362542,4561143213625420,2200,0,0,1989-03-31,1995-12-25,2169.53,20.0,0.0,0.0,1.0,0.0,12.0,2253.89,2149.53,-104.36,-20.0,29.5
1363234,4561143213632340,3000,0,1,1995-11-20,,0.0,3000.0,2.0,32.0,0.0,7.0,1.0,-3000.0,-3000.0,-0.0,-3000.0,0.9024390243902439
1362664,4561143213626640,4600,0,1,1995-06-25,,0.0,1052.38,3.0,25.0,0.0,4.0,5.0,-1026.21,-1052.38,-26.8,-1052.38,4.944444444444445
1362622,4561143213626220,5200,0,0,1992-04-12,1995-07-31,2308.5,406.96,2.0,31.0,1.0,5.0,7.0,1968.9100000000003,1901.5400000000004,-67.91,-406.96,4.688888888888889
1363133,4561143213631330,3000,0,1,1989-10-20,,1656.7,0.0,0.0,0.0,0.0,0.0,1.0,1675.89,1656.7,-19.19,0.0,
1363356,4561143213633560,1000,0,1,1991-03-11,,482.15,1000.0,3.0,38.0,0.0,2.0,12.0,-477.11,-517.85,-41.19,-1000.0,6.481481481481482
1363398,4561143213633980,1000,0,1,1995-01-14,,0.0,1000.0,0.0,15.0,0.0,1.0,10.0,-895.16,-1000.0,-105.2,-1000.0,12.4
1362948,4561143213629480,1400,0,1,1987-08-22,,1393.56,813.51,2.0,32.0,0.0,1.0,12.0,647.92,580.05,-67.96,-813.51,7.760869565217392
1362990,4561143213629900,3000,0,1,1994-03-03,,758.95,1426.93,4.0,55.0,0.0,7.0,12.0,-599.4599999999999,-667.9800000000001,-68.52,-1426.93,4.675324675324675
1362744,4561143213627440,1000,0,1,1988-04-08,,328.5,682.28,5.0,55.0,0.0,5.0,12.0,-349.15,-353.78,-4.63,-682.28,4.697368421052632
1363459,4561143213634590,3000,0,1,1995-10-14,,0.0,3000.0,1.0,25.0,0.0,1.0,2.0,-2999.13,-3000.0,-0.87,-3000.0,2.4285714285714284
1363213,4561143213632130,1900,0,1,1995-03-29,,0.0,1046.11,3.0,27.0,0.0,0.0,8.0,-981.1299999999999,-1046.11,-64.98,-1046.11,7.27027027027027
1363316,4561143213633160,1000,0,1,1993-08-11,,770.33,1000.0,1.0,14.0,0.0,1.0,12.0,-82.86999999999998,-229.67000000000002,-147.25,-1000.0,13.074074074074074
1363070,4561143213630700,3000,0,1,1994-07-01,,390.58,774.22,3.0,24.0,0.0,1.0,12.0,-364.61999999999995,-383.64,-19.74,-774.22,8.820512820512821
1363112,4561143213631120,1000,0,1,1991-04-01,,852.02,0.0,0.0,0.0,0.0,0.0,9.0,884.69,852.02,-32.67,0.0,30.25
1363335,4561143213633350,1000,0,1,1994-07-12,,134.18,806.94,1.0,33.0,0.0,4.0,12.0,-647.01,-672.76,-25.75,-806.94,7.408163265306122
1362969,4561143213629690,3800,0,1,1992-08-14,,2558.49,3800.0,3.0,30.0,0.0,4.0,12.0,-923.56,-1241.5100000000002,-319.3,-3800.0,7.270833333333333
1363192,4561143213631920,1000,0,1,1992-08-14,,339.72,1000.0,3.0,16.0,0.0,4.0,12.0,-527.42,-660.2800000000001,-132.86,-1000.0,10.147058823529411
1363438,4561143213634380,3000,0,1,1994-07-16,,1018.92,684.3,6.0,31.0,0.0,1.0,12.0,374.3200000000003,334.62000000000023,-40.24,-684.3,7.3061224489795915
1362784,4561143213627840,2800,0,1,1992-03-23,,2555.71,2764.67,1.0,27.0,0.0,6.0,12.0,106.02000000000021,-208.96000000000026,-315.34,-2764.67,7.955555555555556
1363295,4561143213632950,1000,0,1,1989-05-03,,969.91,1000.0,0.0,18.0,0.0,2.0,12.0,123.84000000000002,-30.089999999999993,-153.93,-1000.0,11.129032258064516
1363253,4561143213632530,2000,0,1,1993-03-07,,1688.39,2000.0,3.0,34.0,0.0,4.0,12.0,-238.7800000000001,-311.60999999999996,-73.1,-2000.0,6.8076923076923075
1362683,4561143213626830,6600,0,1,1992-09-15,,2896.67,5359.08,6.0,115.0,0.0,8.0,12.0,-2301.78,-2462.4100000000003,-160.63,-5359.08,2.5714285714285716
1362641,4561143213626410,3000,0,1,1988-11-28,,502.37,172.99,2.0,15.0,0.0,2.0,10.0,335.20000000000005,329.38,-5.82,-172.99,12.392857142857142
1362805,4561143213628050,1000,2,1,1987-01-03,,282.88,300.0,28.0,0.0,0.0,15.0,11.0,-13.139999999999986,-17.120000000000005,-3.98,-300.0,6.584905660377358
1362763,4561143213627630,1100,0,1,1995-06-21,,0.0,160.0,3.0,20.0,0.0,1.0,6.0,-160.0,-160.0,-0.0,-160.0,6.241379310344827
1363457,4561143213634570,13000,0,1,1988-04-23,,3028.68,4626.88,2.0,42.0,0.0,4.0,12.0,-1362.0099999999998,-1598.1999999999998,-236.28,-4626.88,5.983050847457627
1363232,4561143213632320,1000,0,1,1995-08-19,,0.0,1000.0,0.0,22.0,0.0,2.0,4.0,-981.0899999999999,-1000.0,-18.909999999999997,-1000.0,3.8518518518518516
1362580,4561143213625800,1500,0,1,1992-03-30,,448.96,1500.0,0.0,21.0,0.0,3.0,12.0,-853.4000000000001,-1051.04,-197.64,-1500.0,9.8
1363354,4561143213633540,3000,0,1,1991-01-18,,2718.93,3000.0,4.0,27.0,0.0,1.0,12.0,103.46999999999998,-281.07,-384.54,-3000.0,8.325581395348838
1362845,4561143213628450,3700,2,0,1993-12-29,1995-12-14,3691.23,20.0,0.0,0.0,1.0,24.0,12.0,3840.0299999999997,3671.2299999999996,-170.15,-20.0,9.63888888888889
1362742,4561143213627420,3000,0,1,1994-06-23,,2540.56,15.74,0.0,7.0,0.0,2.0,12.0,2567.88,2524.8199999999997,-43.78,-15.74,16.95
1363314,4561143213633140,3000,0,1,1991-02-08,,2393.16,366.31,5.0,42.0,0.0,5.0,12.0,2054.57,2026.85,-27.72,-366.31,5.682539682539683
1363211,4561143213632110,2200,0,0,1992-08-11,1995-12-19,1724.93,112.99,0.0,20.0,1.0,1.0,12.0,1803.1999999999998,1611.9400000000003,-191.8,-112.99,10.606060606060606
1363171,4561143213631710,1800,0,1,1987-08-23,,1396.7,1800.0,1.0,21.0,0.0,5.0,12.0,-134.64999999999992,-403.3,-269.01,-1800.0,8.868421052631579
1363068,4561143213630680,2900,0,0,1991-11-19,1995-11-01,2143.15,20.0,2.0,31.0,1.0,1.0,11.0,2386.5599999999995,2123.1499999999996,-264.21999999999997,-20.0,6.733333333333333
1362824,4561143213628240,10400,0,1,1993-09-23,,10593.21,959.72,2.0,32.0,0.0,2.0,12.0,9992.960000000001,9633.49,-359.47,-959.72,7.425531914893617
1362925,4561143213629250,1000,0,1,1993-04-20,,264.68,602.03,2.0,31.0,0.0,3.0,12.0,-293.16999999999996,-337.35,-44.36,-602.03,7.638297872340425
1363272,4561143213632720,3400,7,1,1995-08-11,,0.0,1016.12,27.0,0.0,0.0,16.0,4.0,-1008.12,-1016.12,-8.0,-1016.12,2.9130434782608696
1363394,4561143213633940,1000,0,1,1995-06-09,,0.0,1000.0,1.0,14.0,0.0,1.0,6.0,-952.44,-1000.0,-47.56,-911.56,8.0
1362864,4561143213628640,1000,0,1,1995-09-20,,0.0,0.0,,,,,,,,,,
1362782,4561143213627820,1500,0,1,1994-06-02,,216.82,1136.06,9.0,26.0,0.0,2.0,12.0,-859.9099999999999,-919.24,-59.96,-1136.06,7.479166666666667
1363129,4561143213631290,3000,0,1,1995-04-21,,0.0,335.42,1.0,13.0,0.0,0.0,8.0,-319.98,-335.41999999999996,-16.16,-335.42,11.523809523809524
1363108,4561143213631080,1400,4,1,1994-06-30,,1149.32,458.67,20.0,0.0,0.0,11.0,12.0,828.35,790.65,-37.88,-458.67,8.571428571428571
1362721,4561143213627210,1000,0,1,1995-10-17,,0.0,1000.0,3.0,19.0,0.0,9.0,2.0,-991.9599999999999,-1000.0,-8.4,-1000.0,2.0
1362904,4561143213629040,3000,0,1,1990-09-18,,1445.69,679.69,2.0,32.0,0.0,2.0,12.0,841.7399999999998,765.9999999999998,-75.83,-679.69,7.659574468085107
1362986,4561143213629860,2100,0,1,1995-03-04,,0.0,1932.1,0.0,12.0,0.0,0.0,9.0,-1917.54,-1932.1,-14.56,-1932.1,14.55
1362761,4561143213627610,1000,0,1,1994-03-21,,780.93,0.0,0.0,0.0,0.0,0.0,7.0,799.87,781.74,-18.31,0.0,29.833333333333332
1363455,4561143213634550,5600,0,1,1995-11-19,,0.0,5192.98,2.0,19.0,0.0,3.0,1.0,-5192.98,-5192.98,-0.0,-5192.98,1.625
1362822,4561143213628220,1000,0,1,1995-11-18,,0.0,1000.0,0.0,19.0,0.0,10.0,1.0,-1000.0,-1000.0,-0.0,-1000.0,1.4137931034482758
1362578,4561143213625780,3000,0,1,1993-07-11,,136.14,731.2,2.0,32.0,0.0,5.0,12.0,-565.9200000000001,-595.06,-30.04,-731.2,7.18
1363087,4561143213630870,1000,0,1,1993-09-04,,91.29,1000.0,0.0,19.0,0.0,1.0,12.0,-810.43,-908.71,-98.64,-1000.0,11.096774193548388
1363312,4561143213633120,4400,0,1,1995-09-22,,0.0,4400.0,4.0,56.0,0.0,2.0,3.0,-4357.82,-4400.0,-42.18,-4400.0,1.515625
1363352,4561143213633520,1000,0,1,1994-03-14,,700.99,906.54,3.0,44.0,0.0,2.0,12.0,-173.27999999999997,-205.54999999999995,-32.9,-906.54,6.016666666666667
1362700,4561143213627000,1000,0,1,1990-02-14,,369.78,107.4,1.0,16.0,0.0,2.0,12.0,286.83000000000004,262.38000000000005,-24.45,-107.4,11.1
1363209,4561143213632090,1600,0,1,1986-02-03,,1523.62,1600.0,0.0,17.0,0.0,2.0,12.0,168.0900000000001,-76.37999999999998,-244.47,-1600.0,11.7
1363169,4561143213631690,3000,0,1,1991-11-12,,1729.57,0.0,0.0,0.0,0.0,0.0,1.0,1749.6,1729.57,-20.3,0.0,
1362801,4561143213628010,1000,0,1,1994-02-28,,393.8,45.23,0.0,9.0,0.0,1.0,12.0,365.13999999999993,348.57000000000005,-17.29,-45.23,16.61904761904762
1362557,4561143213625570,1000,0,1,1995-11-10,,0.0,1000.0,0.0,7.0,0.0,0.0,1.0,-1000.0,-1000.0,-0.0,-1000.0,3.7142857142857144
1362658,4561143213626580,6800,0,1,1991-02-21,,4414.23,0.0,0.0,0.0,0.0,0.0,8.0,4511.62,4414.86,-98.2,0.0,31.142857142857142
1363026,4561143213630260,2500,0,1,1991-06-08,,1421.82,2500.0,4.0,39.0,0.0,7.0,12.0,-803.5899999999999,-1078.1800000000003,-275.04,-2500.0,5.80327868852459
1363127,4561143213631270,1000,0,1,1994-01-30,,825.68,305.79,0.0,9.0,0.0,0.0,5.0,531.52,519.8899999999999,-11.63,-305.79,27.53846153846154
1363291,4561143213632910,5200,0,1,1995-06-04,,0.0,5014.14,2.0,44.0,0.0,6.0,6.0,-4731.8,-4786.66,-54.86,-5014.14,3.508771929824561
1363392,4561143213633920,1000,0,1,1993-12-19,,834.77,1000.0,2.0,19.0,0.0,0.0,12.0,-14.36999999999999,-165.23000000000002,-150.86,-1000.0,10.875
1362883,4561143213628830,1000,10,1,1995-07-23,,0.0,983.06,28.0,0.0,0.0,24.0,5.0,-794.1899999999999,-823.0600000000001,-28.869999999999997,-983.06,2.8035714285714284
1363249,4561143213632490,3100,2,1,1993-04-18,,2615.76,3082.05,53.0,0.0,0.0,66.0,12.0,-80.1400000000001,-466.2899999999999,-386.15,-3082.05,2.769230769230769
1362740,4561143213627400,3000,0,1,1994-05-29,,1563.83,1121.88,3.0,33.0,0.0,3.0,12.0,521.9099999999999,441.94999999999976,-80.41,-1121.88,7.12
1362637,4561143213626370,1200,0,1,1995-06-11,,0.0,1200.0,1.0,18.0,0.0,1.0,6.0,-1131.1100000000001,-1200.0,-68.89,-1200.0,7.32
1363474,4561143213634740,1000,0,1,1995-06-30,,0.0,702.74,4.0,28.0,0.0,3.0,5.0,-672.9300000000001,-702.74,-29.81,-702.74,4.512820512820513
1362820,4561143213628200,6500,0,1,1992-11-30,,4011.25,4231.59,5.0,31.0,0.0,7.0,12.0,502.0900000000005,-220.33999999999983,-722.4300000000001,-4231.59,6.518518518518518
1362597,4561143213625970,1000,0,1,1993-10-01,,939.06,442.72,2.0,31.0,0.0,2.0,12.0,585.3600000000001,496.3399999999999,-89.02,-442.72,7.8478260869565215
1363268,4561143213632680,1800,0,1,1989-06-25,,1873.47,1800.0,0.0,15.0,0.0,1.0,12.0,350.9200000000001,73.47000000000003,-281.05,-1800.0,12.666666666666666
1363331,4561143213633310,7800,0,1,1992-07-24,,7574.56,2264.61,3.0,24.0,0.0,1.0,12.0,5427.47,5309.95,-118.06,-2264.61,8.974358974358974
1362656,4561143213626560,1000,0,1,1993-09-23,,893.25,445.22,3.0,35.0,0.0,1.0,12.0,500.5500000000002,448.03,-52.52,-445.22,6.96
1362902,4561143213629020,1000,0,1,1990-11-11,,273.45,346.97,3.0,48.0,0.0,4.0,12.0,-69.67000000000004,-73.52000000000007,-3.85,-346.97,5.363636363636363
1363390,4561143213633900,3000,0,1,1995-04-06,,0.0,1860.67,0.0,37.0,0.0,6.0,8.0,-1825.9099999999999,-1860.67,-36.2,-1860.67,4.98
1362698,4561143213626980,2500,0,1,1993-11-27,,2152.86,2500.0,1.0,20.0,0.0,10.0,12.0,31.700000000000045,-347.14,-378.84000000000003,-2500.0,8.476190476190476
1363247,4561143213632470,3000,0,1,1991-08-14,,105.3,3000.0,4.0,42.0,0.0,5.0,12.0,-2665.11,-2894.7000000000003,-229.59,-3000.0,5.661290322580645
1362759,4561143213627590,1400,0,1,1990-05-24,,1320.06,835.19,2.0,41.0,0.0,0.0,12.0,503.45999999999987,484.8699999999997,-18.59,-835.19,6.703703703703703
1362839,4561143213628390,6500,0,1,1992-06-01,,3640.88,3783.62,6.0,76.0,0.0,2.0,12.0,64.3900000000005,-142.74000000000007,-207.13,-3783.62,3.789473684210526
1363493,4561143213634930,1500,0,1,1995-07-10,,0.0,0.0,,,,,,,,,,
1362492,4561143213624920,2000,0,1,1995-08-09,,0.0,2000.0,1.0,24.0,0.0,2.0,4.0,-1963.26,-2000.0,-37.19,-2000.0,4.266666666666667
1362881,4561143213628810,1000,0,1,1991-08-31,,490.96,440.26,5.0,52.0,0.0,3.0,12.0,57.610000000000085,50.70000000000012,-6.91,-440.26,5.126760563380282
1362961,4561143213629610,1000,0,1,1994-07-18,,473.1,1000.0,0.0,41.0,0.0,2.0,12.0,-520.2399999999998,-526.8999999999997,-6.66,-1000.0,6.592592592592593
1363146,4561143213631460,3000,0,1,1991-02-08,,2782.38,0.0,0.0,0.0,0.0,0.0,1.0,2814.61,2782.38,-32.23,0.0,
1363287,4561143213632870,1000,0,1,1992-09-28,,719.04,991.56,2.0,14.0,0.0,3.0,12.0,-41.64,-184.07,-142.61,-991.56,11.666666666666666
1363207,4561143213632070,1000,0,1,1994-02-09,,886.67,777.0,0.0,64.0,0.0,3.0,12.0,179.10999999999993,109.66999999999999,-69.44,-777.0,4.551282051282051
1363083,4561143213630830,1100,0,1,1995-03-07,,0.0,969.94,1.0,32.0,0.0,2.0,9.0,-921.27,-969.94,-48.67,-969.94,6.930232558139535
1362921,4561143213629210,3000,0,1,1994-05-23,,2273.2,81.68,0.0,9.0,0.0,0.0,12.0,2263.7,2191.52,-72.18,-81.68,17.8
1362675,4561143213626750,1000,0,1,1993-11-17,,153.26,911.38,3.0,14.0,0.0,1.0,12.0,-671.0400000000001,-758.12,-87.08,-911.38,12.241379310344827
1362717,4561143213627170,1000,0,1,1995-10-24,,0.0,1000.0,1.0,18.0,0.0,2.0,2.0,-999.4499999999999,-1000.0,-0.55,-1000.0,2.590909090909091
1362940,4561143213629400,1000,0,1,1994-04-06,,73.17,41.22,1.0,13.0,0.0,0.0,8.0,32.98000000000005,31.94999999999996,-1.3,-41.22,16.857142857142858
1362574,4561143213625740,1300,0,1,1995-05-30,,0.0,1300.0,4.0,57.0,0.0,7.0,6.0,-1299.9999999999998,-1299.9999999999998,-0.0,-1300.0,2.8219178082191783
1363409,4561143213634090,1000,0,1,1993-09-01,,977.54,160.42,1.0,26.0,0.0,1.0,12.0,830.89,817.12,-13.77,-160.42,8.974358974358974
1363043,4561143213630430,1000,0,1,1994-10-04,,471.22,1000.0,6.0,43.0,0.0,5.0,12.0,-462.4100000000001,-528.7800000000001,-66.73,-1000.0,5.292307692307692
1362797,4561143213627970,1000,0,1,1994-05-11,,111.07,100.0,2.0,7.0,0.0,1.0,12.0,26.34999999999998,11.07000000000005,-15.28,-100.0,17.142857142857142
1363308,4561143213633080,4100,0,0,1994-08-10,1995-04-15,2794.47,498.06,4.0,24.0,1.0,0.0,4.0,2346.41,2296.4100000000003,-50.0,-498.06,3.25
1363266,4561143213632660,1000,5,1,1995-02-24,,0.0,994.65,17.0,0.0,0.0,33.0,1.0,-994.65,-994.65,-0.0,-994.65,5.82
1363165,4561143213631650,1000,1,1,1989-09-10,,261.21,429.34,24.0,0.0,0.0,29.0,12.0,-137.64999999999992,-168.12999999999997,-31.11,-429.34,5.65625
1362858,4561143213628580,9000,0,1,1995-01-05,,0.0,708.2,4.0,63.0,0.0,5.0,11.0,-708.200000000001,-708.200000000001,-0.0,-708.2,4.365853658536586
1363022,4561143213630220,4000,0,1,1995-02-01,,0.0,604.65,2.0,21.0,0.0,1.0,10.0,-564.47,-604.6499999999999,-40.18,-604.65,9.151515151515152
1363123,4561143213631230,2800,0,1,1994-02-25,,1766.88,2800.0,2.0,16.0,0.0,2.0,12.0,-629.7900000000001,-1033.1200000000001,-403.33000000000004,-2800.0,11.32258064516129
1363348,4561143213633480,1800,0,1,1991-02-18,,232.29,1800.0,5.0,41.0,0.0,5.0,12.0,-1500.1600000000003,-1567.7100000000003,-68.09,-1800.0,5.596774193548387
1362511,4561143213625110,3000,0,1,1995-04-23,,0.0,904.93,4.0,36.0,0.0,3.0,6.0,-904.93,-904.93,-0.0,-904.93,4.8125
1362736,4561143213627360,1000,0,1,1994-02-13,,862.8,328.79,0.0,21.0,0.0,3.0,10.0,546.1600000000001,534.01,-12.15,-328.79,10.757575757575758
1362980,4561143213629800,1000,0,1,1992-09-19,,107.81,512.73,3.0,39.0,0.0,1.0,11.0,-403.39999999999986,-404.91999999999985,-1.52,-512.73,6.679245283018868
1363205,4561143213632050,3000,0,1,1994-05-28,,2825.91,684.12,0.0,11.0,0.0,3.0,12.0,2223.9700000000003,2141.79,-82.36,-684.12,13.8
1363449,4561143213634490,1500,0,1,1994-11-05,,991.87,636.53,1.0,35.0,0.0,2.0,11.0,369.30999999999983,355.3399999999998,-13.97,-636.53,7.479166666666667
1363470,4561143213634700,5000,0,1,1995-06-07,,0.0,5000.0,7.0,32.0,0.0,3.0,6.0,-4912.97,-5000.0,-87.75,-4940.85,4.23404255319149
1362837,4561143213628370,1100,0,1,1995-06-26,,0.0,1100.0,1.0,10.0,0.0,0.0,5.0,-1078.96,-1100.0,-21.04,-1100.0,10.666666666666666
1362593,4561143213625930,3000,0,1,1995-05-30,,0.0,689.96,5.0,57.0,0.0,7.0,6.0,-639.8399999999998,-689.9600000000002,-50.39,-689.96,2.7162162162162162
1363306,4561143213633060,1000,0,1,1995-02-17,,0.0,137.4,2.0,26.0,0.0,0.0,10.0,-137.39999999999998,-137.39999999999998,-0.0,-137.4,8.216216216216216
1363327,4561143213633270,3000,0,1,1995-04-02,,0.0,3000.0,5.0,31.0,0.0,3.0,8.0,-2879.59,-3000.0,-121.4,-3000.0,5.826086956521739
1363102,4561143213631020,1000,0,1,1995-11-30,,0.0,1000.0,0.0,9.0,0.0,7.0,1.0,-1000.0,-1000.0,-0.0,-1000.0,1.625
1362715,4561143213627150,3000,0,1,1989-11-11,,418.99,933.22,7.0,33.0,0.0,3.0,12.0,-476.14,-514.23,-39.08,-933.22,6.5
1362694,4561143213626940,1500,0,1,1992-01-04,,1156.23,1360.3,2.0,43.0,0.0,3.0,12.0,-126.60999999999989,-204.0700000000004,-77.55,-1360.3,6.101694915254237
1363184,4561143213631840,1000,0,1,1995-10-06,,0.0,1000.0,2.0,20.0,0.0,1.0,2.0,-998.96,-1000.0,-1.4,-1000.0,2.75
1362959,4561143213629590,3900,0,0,1989-08-04,1995-12-06,3094.22,20.0,0.0,19.0,1.0,6.0,12.0,3657.1,3074.2200000000003,-582.88,-20.0,9.108108108108109
1362572,4561143213625720,1000,0,1,1993-08-30,,379.26,369.97,2.0,25.0,0.0,1.0,11.0,14.630000000000024,9.289999999999992,-5.34,-369.97,9.078947368421053
1362816,4561143213628160,3000,0,1,1991-09-09,,1182.52,3000.0,6.0,85.0,0.0,3.0,12.0,-1709.2900000000004,-1817.4800000000005,-109.09,-3000.0,3.361904761904762
1362633,4561143213626330,1000,0,1,1994-01-23,,249.18,1000.0,5.0,47.0,0.0,5.0,12.0,-701.4000000000001,-750.8199999999999,-49.42,-1000.0,5.147058823529412
1363142,4561143213631420,10200,0,1,1995-03-07,,0.0,1953.78,3.0,37.0,0.0,3.0,9.0,-1887.01,-1953.7800000000002,-66.77,-1953.78,5.490196078431373
1363081,4561143213630810,2100,0,0,1989-01-17,1995-07-08,1692.71,84.59,1.0,10.0,0.0,2.0,7.0,1786.59,1608.1200000000001,-178.47,0.0,9.842105263157896
1362530,4561143213625300,2000,0,1,1993-08-17,,597.23,2000.0,3.0,32.0,0.0,5.0,12.0,-1345.2000000000003,-1402.77,-58.379999999999995,-2000.0,6.882352941176471
1362877,4561143213628770,1000,7,1,1993-03-16,,64.64,80.0,17.0,0.0,0.0,15.0,10.0,-14.449999999999989,-15.360000000000014,-0.91,-80.0,8.414634146341463
1362999,4561143213629990,4400,0,1,1993-08-09,,1973.27,988.54,10.0,60.0,0.0,2.0,12.0,1136.8099999999995,984.73,-152.08,-988.54,4.337349397590361
1362938,4561143213629380,3000,0,1,1994-06-24,,1402.32,436.98,0.0,46.0,0.0,6.0,12.0,1014.74,965.3400000000001,-49.76,-436.98,5.507936507936508
1363468,4561143213634680,5500,0,1,1995-11-16,,0.0,5500.0,6.0,29.0,0.0,5.0,1.0,-5500.0,-5500.0,-0.0,-5500.0,1.1
1362591,4561143213625910,4000,0,1,1994-10-31,,853.5,1548.57,7.0,81.0,0.0,4.0,12.0,-554.6099999999994,-695.0699999999998,-141.26999999999998,-1548.57,3.4563106796116503
1363264,4561143213632640,1000,0,1,1994-03-24,,51.69,1000.0,3.0,75.0,0.0,4.0,12.0,-947.5799999999999,-948.31,-0.73,-990.16,3.870967741935484
1363060,4561143213630600,2400,0,1,1993-10-14,,1898.67,2192.95,0.0,15.0,0.0,1.0,12.0,59.86000000000004,-294.27999999999986,-354.14,-2192.95,12.444444444444445
1362509,4561143213625090,3000,0,0,1993-09-11,1995-06-03,877.49,10.0,5.0,69.0,1.0,5.0,6.0,909.54,867.4899999999998,-42.05,-10.0,1.7882352941176471
1362917,4561143213629170,6800,0,1,1995-12-13,,0.0,6800.0,3.0,22.0,0.0,1.0,0.0,-6800.0,-6800.0,-0.0,-6800.0,0.36
1362978,4561143213629780,5000,0,1,1994-06-13,,2834.53,2103.69,7.0,86.0,0.0,7.0,12.0,763.6700000000002,730.8400000000003,-32.83,-2103.69,3.2162162162162162
1363182,4561143213631820,5100,0,1,1995-04-25,,0.0,5100.0,0.0,37.0,0.0,7.0,8.0,-4811.71,-5100.0,-288.29,-5100.0,4.882352941176471
1363447,4561143213634470,1000,0,1,1995-10-06,,0.0,1000.0,0.0,11.0,0.0,3.0,2.0,-988.63,-1000.0,-11.37,-1000.0,4.866666666666666
1363243,4561143213632430,1000,0,1,1991-06-26,,1025.87,110.03,3.0,38.0,0.0,2.0,12.0,930.2900000000002,915.8400000000001,-14.45,-110.03,6.518518518518518
1362835,4561143213628350,1000,0,1,1988-05-23,,167.92,9.51,2.0,6.0,0.0,1.0,12.0,175.54000000000005,159.22000000000003,-17.49,-9.51,16.9
1362631,4561143213626310,5200,0,1,1991-06-17,,759.86,575.0,4.0,33.0,0.0,2.0,12.0,193.65999999999997,184.86,-8.8,-575.0,6.88
1363426,4561143213634260,1900,0,1,1991-11-03,,1808.4,917.28,2.0,23.0,0.0,3.0,12.0,997.8199999999998,891.12,-107.42,-917.28,8.948717948717949
1363365,4561143213633650,2100,0,1,1995-08-29,,0.0,2100.0,1.0,14.0,0.0,4.0,4.0,-2036.01,-2100.0,-64.08,-2100.0,5.0
1362549,4561143213625490,1000,0,1,1994-07-31,,1018.04,1000.0,8.0,50.0,0.0,3.0,12.0,89.38000000000004,18.039999999999978,-71.97,-1000.0,5.041666666666667
1362753,4561143213627530,3000,0,1,1993-01-03,,2204.46,3000.0,4.0,28.0,0.0,2.0,12.0,-450.51,-795.54,-345.66,-3000.0,7.777777777777778
1363018,4561143213630180,2300,0,1,1994-02-26,,1409.42,2300.0,4.0,36.0,0.0,2.0,12.0,-632.6199999999999,-890.5799999999999,-257.96,-2300.0,6.415094339622642
1363222,4561143213632220,1000,0,1,1992-01-21,,107.4,1000.0,3.0,41.0,0.0,3.0,12.0,-891.0900000000001,-892.6000000000001,-1.51,-1000.0,6.0
1362814,4561143213628140,1000,0,1,1995-08-06,,0.0,1000.0,1.0,10.0,0.0,4.0,4.0,-961.64,-1000.0,-38.36,-1000.0,7.0
1362610,4561143213626100,1000,0,1,1987-04-22,,720.85,545.57,4.0,29.0,0.0,5.0,11.0,185.43,175.28000000000003,-10.15,-545.57,7.520833333333333
1363283,4561143213632830,1100,0,1,1995-04-18,,0.0,1100.0,3.0,17.0,0.0,1.0,8.0,-1012.57,-1100.0,-88.87,-1100.0,8.428571428571429
1363344,4561143213633440,1000,0,1,1993-06-22,,690.04,1000.0,1.0,45.0,0.0,2.0,12.0,-248.01000000000002,-309.96000000000004,-62.22,-1000.0,5.983050847457627
1362875,4561143213628750,3000,0,1,1989-02-24,,2810.91,3000.0,3.0,21.0,0.0,2.0,12.0,190.83999999999997,-189.09000000000003,-380.02,-3000.0,9.621621621621621
1362936,4561143213629360,1000,0,1,1995-01-25,,0.0,244.47,3.0,9.0,0.0,1.0,10.0,-228.19000000000005,-244.47000000000008,-16.28,-244.47,13.636363636363637
1362671,4561143213626710,1100,0,1,1995-10-13,,0.0,1100.0,0.0,15.0,0.0,6.0,2.0,-1086.06,-1100.0,-13.94,-1100.0,2.6818181818181817
1363201,4561143213632010,1000,0,1,1995-11-22,,0.0,1000.0,1.0,11.0,0.0,4.0,1.0,-1000.0,-1000.0,-0.0,-1000.0,2.1875
1363140,4561143213631400,1000,0,1,1993-08-17,,315.24,1000.0,3.0,14.0,0.0,2.0,12.0,-568.18,-684.76,-117.21,-1000.0,11.7
1362793,4561143213627930,1500,0,1,1991-10-16,,714.43,407.08,1.0,13.0,0.0,0.0,12.0,334.4699999999999,307.35,-27.12,-407.08,14.2
1362528,4561143213625280,3000,0,1,1986-01-13,,575.35,540.09,6.0,31.0,0.0,1.0,12.0,41.92,35.26000000000003,-6.66,-540.09,7.387755102040816
1362650,4561143213626500,1000,0,1,1995-11-28,,0.0,1000.0,0.0,10.0,0.0,9.0,1.0,-1000.0,-1000.0,-0.0,-1000.0,1.736842105263158
1362997,4561143213629970,1000,6,1,1994-10-17,,753.36,420.0,16.0,0.0,0.0,10.0,10.0,343.97,333.36,-10.61,-420.0,9.942857142857143
1363384,4561143213633840,8200,0,1,1994-11-07,,6541.09,2231.29,4.0,37.0,0.0,2.0,12.0,4411.77,4309.8,-101.97,-2231.29,6.407407407407407
1363323,4561143213633230,8700,0,1,1994-12-09,,7159.74,1953.27,4.0,21.0,0.0,1.0,12.0,5448.2699999999995,5206.469999999999,-243.15,-1953.27,9.675675675675675
1363241,4561143213632410,1500,0,1,1992-07-18,,287.85,1352.7,3.0,51.0,0.0,4.0,12.0,-1015.03,-1064.85,-50.269999999999996,-1352.7,5.086956521739131
1362568,4561143213625680,3000,0,1,1995-02-03,,0.0,0.0,,,,,,,,,,
1363403,4561143213634030,1900,0,1,1995-11-08,,0.0,1900.0,2.0,9.0,0.0,4.0,1.0,-1900.0,-1900.0,-0.0,-1900.0,2.4
1363037,4561143213630370,1000,0,1,1995-11-12,,0.0,1000.0,2.0,7.0,0.0,0.0,1.0,-1000.0,-1000.0,-0.0,-1000.0,2.4444444444444446
1362526,4561143213625260,6600,0,1,1994-09-11,,4400.06,1982.36,0.0,0.0,0.0,0.0,12.0,2853.35,2417.7,-435.92,-1982.36,30.454545454545453
1363302,4561143213633020,2500,0,0,1994-02-09,1995-04-26,1731.39,0.0,0.0,7.0,0.0,0.0,4.0,1837.9699999999998,1731.3899999999999,-106.58,0.0,11.4
1362791,4561143213627910,3000,0,1,1994-02-24,,3115.73,157.42,1.0,41.0,0.0,1.0,11.0,2994.4000000000005,2958.3100000000004,-36.09,-157.42,6.6415094339622645
1362894,4561143213628940,3000,5,0,1994-03-06,1995-01-08,1500.62,1840.0,12.0,0.0,0.0,21.0,1.0,-318.25,-339.3800000000001,-21.13,-1640.0,0.21212121212121213
1363056,4561143213630560,1000,0,1,1994-01-24,,303.47,821.42,0.0,23.0,0.0,1.0,10.0,-513.6800000000001,-517.95,-4.27,-821.42,10.909090909090908
1362690,4561143213626900,1200,0,1,1994-10-18,,86.09,1200.0,4.0,21.0,0.0,5.0,12.0,-958.91,-1113.91,-155.81,-1200.0,8.536585365853659
1363117,4561143213631170,1900,0,1,1992-06-04,,1568.22,1112.8,3.0,33.0,0.0,0.0,12.0,570.2000000000002,455.4200000000001,-115.59,-1112.8,7.404255319148936
1363159,4561143213631590,3000,0,0,1994-01-05,1995-07-21,959.72,10.0,0.0,0.0,1.0,0.0,4.0,961.8399999999999,949.7199999999999,-11.76,-10.0,28.75
1363382,4561143213633820,1000,0,1,1995-03-02,,0.0,1000.0,0.0,25.0,0.0,2.0,9.0,-910.94,-1000.0,-89.06,-1000.0,8.0
1362547,4561143213625470,4600,0,1,1995-04-16,,0.0,952.52,10.0,44.0,0.0,3.0,8.0,-882.81,-952.5200000000002,-69.71000000000001,-952.52,3.78125
1362974,4561143213629740,3000,0,1,1994-04-02,,802.2,271.87,1.0,12.0,0.0,1.0,12.0,557.8800000000001,530.3299999999999,-27.549999999999997,-271.87,13.44
1363016,4561143213630160,6200,0,1,1991-09-12,,1219.77,1223.77,4.0,52.0,0.0,1.0,12.0,85.65999999999957,-4.000000000000284,-90.29,-1223.77,5.3088235294117645
1362770,4561143213627700,3800,0,0,1993-01-10,1995-11-12,3645.16,20.0,2.0,33.0,1.0,2.0,11.0,4017.96,3625.1600000000003,-392.8,-20.0,6.5
1363485,4561143213634850,5000,8,1,1989-07-05,,4161.24,1000.0,13.0,0.0,0.0,8.0,2.0,3202.51,3161.24,-41.27,-1000.0,16.454545454545453
1362831,4561143213628310,5600,0,1,1993-05-19,,4881.13,5600.0,0.0,19.0,0.0,1.0,12.0,182.76999999999998,-652.9300000000001,-835.7,-5600.0,10.870967741935484
1363342,4561143213633420,1600,0,1,1993-10-20,,616.39,1600.0,11.0,52.0,0.0,6.0,12.0,-871.1400000000001,-983.6099999999999,-113.37,-1600.0,4.4
1363096,4561143213630960,1000,0,1,1989-12-20,,388.35,0.0,0.0,0.0,0.0,0.0,5.0,395.46999999999997,388.35,-6.85,0.0,30.5
1363138,4561143213631380,1000,0,1,1993-02-17,,92.13,914.08,3.0,33.0,0.0,3.0,12.0,-766.62,-821.59,-56.32,-914.08,7.02
1363361,4561143213633610,1300,0,1,1994-06-17,,849.37,462.28,0.0,32.0,0.0,0.0,11.0,399.05000000000024,387.0900000000002,-11.96,-462.28,8.642857142857142
1362730,4561143213627300,3000,0,1,1995-09-01,,0.0,3000.0,0.0,26.0,0.0,1.0,3.0,-2953.77,-3000.0,-46.230000000000004,-3000.0,3.7586206896551726
1362484,4561143213624840,3000,0,1,1993-01-02,,1278.78,369.72,1.0,38.0,0.0,4.0,12.0,923.8699999999999,909.06,-14.81,-369.72,6.648148148148148
1363199,4561143213631990,3000,0,1,1994-03-02,,2135.18,127.09,1.0,8.0,0.0,0.0,12.0,2067.81,2008.0900000000001,-61.16,-127.09,18.05
1363422,4561143213634220,2100,0,0,1992-10-24,1995-12-09,1772.11,20.0,0.0,14.0,1.0,2.0,12.0,2067.0699999999997,1752.1100000000001,-314.96,-20.0,12.178571428571429
1362995,4561143213629950,2300,0,0,1994-03-07,1995-12-26,1660.56,21.66,2.0,21.0,1.0,7.0,12.0,1975.5700000000002,1638.9,-336.67,-21.66,8.5
1363218,4561143213632180,1100,0,1,1989-12-18,,632.92,1100.0,0.0,61.0,0.0,3.0,12.0,-388.1,-467.07999999999987,-79.16,-1100.0,4.573333333333333
1362587,4561143213625870,1000,0,1,1989-09-20,,879.47,859.44,5.0,54.0,0.0,8.0,12.0,115.44999999999996,20.03000000000001,-95.96,-859.44,4.589743589743589
1362810,4561143213628100,3000,0,1,1993-12-25,,2485.28,332.95,4.0,30.0,0.0,2.0,12.0,2209.19,2152.33,-56.86,-332.95,7.531914893617022
1362852,4561143213628520,1700,0,1,1993-10-28,,1623.28,1700.0,0.0,13.0,0.0,0.0,12.0,183.27000000000007,-76.71999999999994,-259.99,-1700.0,14.458333333333334
1363075,4561143213630750,3000,0,1,1989-02-13,,43.95,397.19,0.0,42.0,0.0,1.0,12.0,-325.4599999999999,-353.2400000000001,-28.41,-397.19,6.5
1363321,4561143213633210,5000,0,1,1992-01-09,,2076.51,1133.39,4.0,28.0,0.0,4.0,12.0,1033.48,943.1199999999999,-91.44,-1133.39,7.531914893617022
1362972,4561143213629720,3000,0,1,1994-06-24,,1837.24,711.32,0.0,10.0,0.0,2.0,12.0,1358.3299999999997,1125.9199999999998,-233.31,-711.32,14.695652173913043
1362709,4561143213627090,1000,0,1,1993-03-15,,266.34,496.15,2.0,38.0,0.0,3.0,12.0,-226.06000000000017,-229.81000000000017,-3.75,-496.15,6.555555555555555
1363441,4561143213634410,1000,0,1,1986-08-05,,854.16,32.33,6.0,26.0,0.0,0.0,11.0,833.86,821.83,-12.3,-32.33,8.476190476190476
1362566,4561143213625660,6400,0,0,1993-02-08,1995-12-19,4801.23,20.0,0.0,31.0,1.0,5.0,12.0,5560.23,4781.2300000000005,-779.0,-20.0,7.25
1363237,4561143213632370,14300,0,0,1993-01-24,1995-01-30,8649.37,0.0,0.0,0.0,0.0,0.0,1.0,8735.14,8649.37,-85.77,0.0,
1363035,4561143213630350,1000,0,1,1995-08-19,,0.0,0.0,,,,,,,,,,
1362829,4561143213628290,2500,0,1,1995-03-01,,0.0,2033.41,4.0,23.0,0.0,2.0,9.0,-1878.4500000000003,-2033.41,-154.96,-1603.91,7.702702702702703
1362749,4561143213627490,3000,0,1,1993-03-08,,1391.01,3000.0,2.0,30.0,0.0,3.0,12.0,-1293.98,-1608.99,-315.73,-3000.0,7.413043478260869
1362686,4561143213626860,3000,6,1,1995-04-25,,0.0,99.9,7.0,0.0,0.0,6.0,6.0,-98.59,-99.89999999999999,-0.77,-99.9,9.38888888888889
1363483,4561143213634830,1000,0,1,1993-04-09,,946.26,1000.0,3.0,52.0,0.0,10.0,12.0,25.77999999999995,-53.74000000000003,-79.61,-1000.0,4.5394736842105265
1363420,4561143213634200,1100,0,1,1993-09-11,,125.33,1011.2,3.0,22.0,0.0,1.0,12.0,-863.7,-885.87,-22.89,-1011.2,9.567567567567568
1362606,4561143213626060,5500,0,1,1995-05-05,,0.0,1232.96,3.0,44.0,0.0,1.0,7.0,-1232.96,-1232.96,-0.0,-1232.96,4.296296296296297
1362808,4561143213628080,1600,0,1,1995-12-23,,0.0,1600.0,0.0,7.0,0.0,6.0,0.0,-1600.0,-1600.0,-0.0,-1600.0,0.5833333333333334
1363197,4561143213631970,3000,0,1,1993-10-10,,132.93,645.09,0.0,35.0,0.0,3.0,12.0,-489.31000000000006,-512.1600000000001,-22.85,-645.09,7.163265306122449
1363399,4561143213633990,1000,0,1,1994-08-13,,428.31,0.0,0.0,0.0,0.0,0.0,5.0,439.86999999999995,428.31,-11.83,0.0,30.0
1363462,4561143213634620,3000,0,1,1991-10-22,,2822.43,3000.0,7.0,17.0,0.0,6.0,12.0,200.40999999999997,-177.57,-378.61,-3000.0,8.682926829268293
1362991,4561143213629910,3200,0,1,1988-11-24,,643.2,1343.81,8.0,38.0,0.0,6.0,12.0,-661.2699999999999,-700.61,-39.7,-1343.81,5.761904761904762
1363054,4561143213630540,1000,0,1,1994-12-08,,875.7,917.3,4.0,38.0,0.0,3.0,12.0,3.789999999999793,-41.60000000000019,-46.11,-917.3,6.482142857142857
1362644,4561143213626440,1000,0,1,1991-07-06,,224.15,463.65,0.0,9.0,0.0,0.0,12.0,-227.09,-239.40999999999997,-12.77,-463.65,17.75
1362850,4561143213628500,1000,0,1,1991-07-18,,245.09,37.88,0.0,9.0,0.0,0.0,12.0,229.39000000000004,207.2100000000001,-22.18,-37.88,16.8
1363113,4561143213631130,4500,0,1,1995-09-04,,0.0,660.4,0.0,14.0,0.0,0.0,3.0,-660.3999999999999,-660.3999999999999,-0.0,-660.4,6.75
1362911,4561143213629110,2200,0,0,1992-05-21,1995-12-23,1328.83,67.61,1.0,35.0,1.0,2.0,12.0,1507.4499999999998,1261.2199999999998,-246.23,-20.0,7.12
1362705,4561143213627050,1400,0,1,1995-02-01,,0.0,413.11,5.0,35.0,0.0,3.0,10.0,-413.1100000000001,-413.1100000000001,-0.0,-413.11,6.0576923076923075
1362625,4561143213626250,4500,0,1,1989-01-03,,3191.36,735.29,0.0,28.0,0.0,0.0,12.0,2533.23,2456.07,-78.24,-735.29,9.0
1362501,4561143213625010,3300,0,1,1993-11-03,,3232.19,47.2,0.0,0.0,0.0,0.0,12.0,3343.76,3185.62,-159.4,-47.2,30.636363636363637
1363216,4561143213632160,1000,0,1,1992-07-15,,428.71,1000.0,3.0,19.0,0.0,9.0,12.0,-432.36999999999995,-571.29,-139.28,-1000.0,8.571428571428571
1362562,4561143213625620,9500,0,1,1995-11-04,,0.0,9500.0,3.0,21.0,0.0,2.0,1.0,-9500.0,-9500.0,-0.0,-9500.0,2.0384615384615383
1362930,4561143213629300,1000,0,1,1993-07-28,,1013.46,0.0,0.0,0.0,0.0,0.0,3.0,1029.53,1013.46,-16.07,0.0,30.5
1363296,4561143213632960,3000,0,1,1991-06-28,,520.97,1001.67,6.0,75.0,0.0,5.0,12.0,-425.29999999999995,-480.6999999999999,-55.67,-1001.67,3.711340206185567
1362726,4561143213627260,3000,0,1,1993-11-28,,1836.21,918.66,1.0,28.0,0.0,3.0,12.0,971.2099999999999,917.5500000000001,-53.66,-918.66,8.255813953488373
1362949,4561143213629490,3000,0,1,1994-08-03,,1982.74,3000.0,1.0,28.0,0.0,4.0,12.0,-708.8,-1017.26,-309.18,-3000.0,7.909090909090909
1363195,4561143213631950,1000,0,1,1995-11-14,,0.0,1000.0,1.0,13.0,0.0,4.0,1.0,-1000.0,-1000.0,-0.0,-1000.0,1.7777777777777777
1362541,4561143213625410,3400,10,1,1995-03-10,,0.0,2093.96,19.0,0.0,0.0,24.0,5.0,-2046.66,-2093.96,-47.3,-2093.96,5.723404255319149
1363317,4561143213633170,1000,0,1,1989-04-15,,1046.09,307.6,1.0,21.0,0.0,2.0,8.0,753.22,738.49,-14.73,-307.6,11.64516129032258
1363010,4561143213630100,1000,0,1,1992-09-09,,29.12,648.51,5.0,25.0,0.0,2.0,12.0,-588.02,-619.39,-31.73,-648.51,8.209302325581396
1362909,4561143213629090,4900,0,1,1994-10-14,,4000.22,54.09,0.0,0.0,0.0,0.0,12.0,4151.93,3946.1299999999997,-205.08,-54.09,30.09090909090909
1362806,4561143213628060,5900,0,1,1994-11-27,,214.46,1541.64,10.0,45.0,0.0,2.0,12.0,-1273.03,-1327.18,-54.6,-1541.64,5.294117647058823
1362766,4561143213627660,5100,0,0,1990-06-24,1995-12-05,4999.67,20.0,4.0,25.0,1.0,5.0,12.0,5630.96,4979.67,-651.29,-20.0,7.326086956521739
1363275,4561143213632750,1000,0,1,1994-12-22,,408.78,805.19,4.0,42.0,0.0,2.0,12.0,-326.77000000000004,-396.40999999999997,-69.64,-805.19,5.898305084745763
1362888,4561143213628880,14100,0,1,1994-01-02,,11394.66,6454.87,9.0,82.0,0.0,6.0,12.0,5381.130000000001,4939.790000000001,-441.34,-6454.87,3.361111111111111
1362663,4561143213626630,4400,0,1,1991-11-04,,1828.87,4400.0,3.0,33.0,0.0,3.0,12.0,-2152.75,-2571.13,-418.38,-4400.0,7.08
1362480,4561143213624800,2500,0,0,1992-12-23,1995-12-15,1607.4,20.0,1.0,15.0,1.0,3.0,12.0,1948.6599999999999,1587.4,-361.26000000000005,-20.0,11.161290322580646
1362520,4561143213625200,2900,0,0,1993-12-05,1995-12-24,1576.58,20.0,4.0,24.0,1.0,4.0,12.0,1849.9299999999996,1556.58,-293.98,-20.0,7.9772727272727275
1362602,4561143213626020,4700,0,1,1993-01-21,,4826.62,1661.44,2.0,53.0,0.0,0.0,10.0,3221.0899999999997,3165.18,-55.91,-1661.44,5.53125
1363458,4561143213634580,1100,0,1,1994-01-27,,23.73,596.63,3.0,23.0,0.0,2.0,12.0,-510.5200000000001,-572.9,-62.56,-596.63,8.564102564102564
1363071,4561143213630710,1000,0,1,1995-04-25,,0.0,298.42,7.0,25.0,0.0,5.0,7.0,-261.68000000000006,-298.41999999999996,-36.74,-298.42,5.372093023255814
1363254,4561143213632540,1000,0,1,1993-03-25,,1039.87,31.04,0.0,37.0,0.0,4.0,12.0,1023.4699999999999,1008.8299999999998,-14.64,-31.04,6.423076923076923
1362928,4561143213629280,1000,0,1,1994-08-02,,949.02,596.11,7.0,59.0,0.0,2.0,12.0,366.28,352.90999999999985,-13.37,-596.11,4.468354430379747
1362703,4561143213627030,1300,0,1,1991-08-11,,1237.86,947.81,4.0,38.0,0.0,3.0,12.0,391.48000000000025,290.04999999999995,-101.43,-947.81,6.464285714285714
1363193,4561143213631930,1500,0,1,1993-12-10,,1537.46,1442.0,3.0,22.0,0.0,2.0,12.0,167.06000000000006,95.4600000000002,-71.6,-1442.0,9.31578947368421
1362825,4561143213628250,1000,0,1,1992-08-29,,968.22,1000.0,2.0,15.0,0.0,4.0,12.0,121.41000000000001,-31.779999999999987,-153.19,-1000.0,10.625
1362642,4561143213626420,1000,0,1,1993-05-11,,771.16,1000.0,6.0,48.0,0.0,5.0,12.0,-153.96000000000015,-228.83999999999997,-75.6,-1000.0,5.0
1363294,4561143213632940,4400,0,1,1995-12-26,,0.0,3157.9,1.0,17.0,0.0,1.0,0.0,-3157.9,-3157.9,-0.0,-3068.05,0.2777777777777778
1362499,4561143213624990,1900,0,1,1990-03-15,,1046.3,1900.0,0.0,19.0,0.0,7.0,12.0,-583.9100000000001,-853.7,-269.79,-1900.0,9.432432432432432
1363008,4561143213630080,5300,0,0,1988-08-25,1995-09-30,1900.34,10.0,0.0,20.0,1.0,1.0,9.0,1958.62,1890.3399999999997,-69.09,-10.0,8.933333333333334
1362621,4561143213626210,1000,0,1,1995-11-21,,0.0,1000.0,0.0,7.0,0.0,2.0,1.0,-1000.0,-1000.0,-0.0,-1000.0,1.6666666666666667
1363130,4561143213631300,1000,0,1,1994-04-28,,1031.2,80.56,4.0,55.0,0.0,6.0,12.0,965.16,950.64,-14.52,-80.56,4.7368421052631575
1363355,4561143213633550,3000,0,1,1994-12-11,,2643.94,291.58,4.0,26.0,0.0,2.0,12.0,2471.9500000000003,2352.36,-119.86,-291.58,8.0
1362722,4561143213627220,2200,0,1,1995-01-19,,0.0,1469.22,2.0,22.0,0.0,1.0,10.0,-1411.4900000000002,-1469.22,-57.730000000000004,-1469.22,9.382352941176471
1362947,4561143213629470,1000,0,1,1995-10-27,,0.0,1000.0,0.0,9.0,0.0,1.0,2.0,-992.3100000000001,-1000.0,-7.69,-1000.0,5.0
1362579,4561143213625790,3000,8,0,1992-01-19,1995-06-25,2529.61,1050.0,53.0,0.0,1.0,25.0,6.0,1731.38,1639.6100000000001,-91.77,-2375.89,2.0714285714285716
1362743,4561143213627430,3000,0,1,1995-10-09,,0.0,3000.0,6.0,46.0,0.0,4.0,2.0,-2985.44,-3000.0,-14.56,-2981.48,1.4210526315789473
1362844,4561143213628440,3000,0,1,1993-04-08,,420.49,584.13,2.0,40.0,0.0,6.0,12.0,-94.75000000000013,-163.63999999999993,-68.89,-584.13,6.067796610169491
1363212,4561143213632120,3000,0,1,1990-04-06,,1885.71,3000.0,0.0,26.0,0.0,3.0,12.0,-789.0400000000001,-1114.29,-325.34000000000003,-3000.0,8.775
1363313,4561143213633130,1000,0,1,1993-12-02,,875.86,11.12,1.0,10.0,0.0,2.0,12.0,896.1800000000001,864.74,-32.61,-11.12,14.125
1362804,4561143213628040,10200,0,1,1987-11-09,,8951.9,682.34,3.0,32.0,0.0,3.0,12.0,8373.25,8269.56,-103.69,-682.34,7.204081632653061
1362701,4561143213627010,5800,0,1,1995-11-08,,0.0,0.0,,,,,,,,,,
1362661,4561143213626610,1000,0,1,1991-02-01,,926.05,1000.0,2.0,39.0,0.0,4.0,12.0,3.339999999999918,-73.94999999999993,-77.65,-1000.0,6.357142857142857
1363170,4561143213631700,1000,0,1,1994-02-19,,1047.17,904.09,6.0,35.0,0.0,2.0,12.0,191.55,143.0800000000001,-48.47,-904.09,6.5
1362926,4561143213629260,1000,0,1,1994-09-01,,946.72,1000.0,1.0,34.0,0.0,1.0,12.0,10.750000000000064,-53.280000000000136,-64.75,-1000.0,7.638297872340425
1363435,4561143213634350,1000,0,1,1991-02-15,,535.71,643.34,0.0,33.0,0.0,3.0,12.0,-64.62999999999998,-107.62999999999992,-43.81,-643.34,7.617021276595745
1363395,4561143213633950,3000,5,0,1987-01-26,1995-05-19,3072.77,730.0,18.0,0.0,1.0,6.0,5.0,2413.77,2342.77,-71.09,-730.0,4.724137931034483
1362823,4561143213628230,2200,0,0,1989-06-12,1995-04-18,2194.14,98.04,0.0,8.0,1.0,2.0,4.0,2194.07,2096.1,-97.97,-20.0,7.642857142857143
1363252,4561143213632520,1000,0,1,1994-02-23,,776.26,1000.0,1.0,18.0,0.0,1.0,12.0,-78.39999999999998,-223.74,-145.34,-1000.0,11.225806451612904
1362680,4561143213626800,1000,0,1,1995-10-01,,0.0,1000.0,2.0,18.0,0.0,1.0,2.0,-991.2300000000001,-1000.0000000000001,-8.77,-1000.0,3.090909090909091
1362640,4561143213626400,3000,0,1,1994-04-24,,1452.79,751.28,3.0,48.0,0.0,2.0,12.0,772.3400000000001,701.5100000000002,-70.92,-751.28,5.53125
1363006,4561143213630060,3000,0,1,1995-07-18,,0.0,1628.72,2.0,22.0,0.0,0.0,4.0,-1617.3899999999999,-1628.72,-11.33,-1628.72,5.444444444444445
1362905,4561143213629050,1000,0,1,1990-09-02,,737.2,915.75,0.0,7.0,0.0,1.0,12.0,-49.07000000000001,-178.55000000000007,-129.48,-915.75,18.473684210526315
1363475,4561143213634750,3700,0,1,1993-08-07,,3502.43,727.2,5.0,29.0,0.0,2.0,12.0,2861.08,2775.2300000000005,-85.85,-727.2,7.74468085106383
1363374,4561143213633740,1000,0,1,1995-11-02,,0.0,0.0,,,,,,,,,,
1362598,4561143213625980,2500,0,0,1994-06-24,1995-12-03,1801.88,20.0,0.0,0.0,1.0,0.0,12.0,1869.29,1781.88,-87.41,-20.0,27.916666666666668
1362966,4561143213629660,3000,0,1,1994-10-03,,3100.57,1586.27,3.0,56.0,0.0,6.0,12.0,1654.8099999999997,1514.3000000000002,-140.51,-1586.27,4.631578947368421
1363332,4561143213633320,2900,0,0,1992-10-07,1995-12-26,2770.4,839.43,1.0,7.0,1.0,1.0,12.0,2097.1600000000003,1930.9699999999998,-166.19,-839.43,17.095238095238095
1362619,4561143213626190,8000,0,1,1994-04-05,,3866.7,0.0,0.0,0.0,0.0,0.0,1.0,3905.04,3866.7,-38.34,0.0,
1363128,4561143213631280,3000,0,1,1995-03-01,,0.0,140.0,1.0,17.0,0.0,1.0,8.0,-140.0,-140.0,-0.0,-140.0,9.923076923076923
1363088,4561143213630880,1400,0,1,1991-01-21,,189.64,739.86,3.0,37.0,0.0,3.0,11.0,-547.5499999999998,-550.2199999999998,-2.67,-739.86,6.7924528301886795
1362720,4561143213627200,1000,0,1,1995-08-07,,0.0,1000.0,3.0,31.0,0.0,4.0,4.0,-1000.0,-1000.0,-0.0,-1000.0,3.1219512195121952
1363353,4561143213633530,6000,0,1,1989-06-23,,479.66,1504.14,3.0,50.0,0.0,4.0,12.0,-940.3699999999994,-1024.48,-84.11,-1504.14,5.338235294117647
1362985,4561143213629850,1000,0,1,1995-05-06,,0.0,1000.0,5.0,45.0,0.0,2.0,7.0,-1000.0000000000001,-1000.0000000000001,-0.0,-1000.0,3.8448275862068964
1362945,4561143213629450,3000,0,1,1992-05-24,,288.79,505.56,3.0,24.0,0.0,1.0,12.0,-179.92999999999998,-216.77000000000007,-36.93,-505.56,9.025641025641026
1363454,4561143213634540,3000,0,1,1990-08-10,,2670.27,1336.4,2.0,65.0,0.0,5.0,12.0,1462.75,1333.87,-128.88,-1336.4,4.27710843373494
1363414,4561143213634140,1300,0,1,1992-08-29,,268.21,202.13,0.0,26.0,0.0,2.0,12.0,102.02,66.08000000000003,-35.94,-202.13,9.0
1362577,4561143213625770,4300,0,1,1995-04-06,,0.0,1808.22,1.0,11.0,0.0,1.0,8.0,-1708.1000000000001,-1808.22,-100.12,-1808.22,11.65
1363210,4561143213632100,1000,0,1,1995-01-26,,0.0,889.68,0.0,29.0,0.0,3.0,10.0,-843.73,-889.68,-45.95,-889.68,7.878048780487805
1363311,4561143213633110,2700,0,1,1995-12-03,,0.0,2700.0,0.0,7.0,0.0,5.0,0.0,-2700.0,-2700.0,-0.0,-2700.0,1.8181818181818181
1363271,4561143213632710,3000,0,1,1994-04-25,,1872.82,1179.95,2.0,30.0,0.0,0.0,12.0,746.1500000000003,692.8700000000001,-53.28,-1179.95,8.372093023255815
1362903,4561143213629030,1500,0,1,1992-12-15,,1559.94,1500.0,0.0,20.0,0.0,1.0,12.0,293.5,59.93999999999994,-234.01,-1500.0,10.84375
1362924,4561143213629240,1000,0,1,1995-08-28,,0.0,1000.0,0.0,18.0,0.0,3.0,3.0,-997.74,-1000.0,-2.2600000000000002,-1000.0,5.173913043478261
1362699,4561143213626990,1200,0,1,1992-05-18,,151.63,677.69,4.0,34.0,0.0,1.0,12.0,-477.1899999999999,-526.06,-49.05,-677.69,7.12
1363393,4561143213633930,1000,0,1,1995-06-13,,0.0,1000.0,6.0,68.0,0.0,9.0,6.0,-1000.0,-1000.0,-0.0,-1000.0,2.1818181818181817
1363433,4561143213634330,1000,0,1,1991-04-03,,579.32,0.0,1.0,7.0,0.0,1.0,7.0,587.48,579.32,-8.16,0.0,22.466666666666665
1362516,4561143213625160,1500,0,1,1994-05-07,,117.14,430.72,0.0,27.0,0.0,1.0,12.0,-267.37,-313.58000000000004,-47.2,-430.72,8.948717948717949
1362556,4561143213625560,2800,0,0,1992-01-20,1995-08-19,1433.94,20.0,5.0,20.0,1.0,8.0,8.0,1612.6399999999996,1413.9399999999998,-198.7,-20.0,5.463414634146342
1363107,4561143213631070,3000,0,1,1994-09-08,,478.51,89.15,0.0,12.0,0.0,0.0,10.0,394.9,389.3599999999999,-5.54,-89.15,16.0
1362882,4561143213628820,2200,0,1,1993-04-08,,2058.92,33.52,0.0,0.0,0.0,0.0,12.0,2118.56,2025.3999999999999,-93.16,-33.52,30.363636363636363
1362964,4561143213629640,1000,0,1,1995-03-19,,0.0,1000.0,2.0,18.0,0.0,4.0,8.0,-921.73,-1000.0,-78.27,-1000.0,8.258064516129032
1363147,4561143213631470,1000,0,1,1991-11-06,,145.67,202.99,0.0,35.0,0.0,1.0,12.0,-55.270000000000095,-57.320000000000164,-2.5,-202.99,7.617021276595745
1363229,4561143213632290,3000,0,1,1993-06-11,,989.45,1143.13,0.0,41.0,0.0,7.0,12.0,-102.5499999999999,-153.6799999999999,-51.49,-1143.13,6.033898305084746
1363004,4561143213630040,1000,0,1,1993-04-15,,36.38,505.43,4.0,21.0,0.0,1.0,11.0,-468.54,-469.05,-0.51,-505.43,9.972222222222221
1362821,4561143213628210,1000,0,1,1994-10-25,,967.86,0.0,0.0,0.0,0.0,0.0,7.0,994.49,969.12,-27.26,0.0,29.833333333333332
1362718,4561143213627180,2500,0,1,1994-12-17,,1928.33,78.8,0.0,0.0,0.0,0.0,12.0,1964.91,1849.53,-115.38,-78.8,30.818181818181817
1362617,4561143213626170,1000,0,1,1995-08-13,,0.0,306.84,0.0,9.0,0.0,0.0,4.0,-306.21,-306.84,-0.63,-306.84,9.416666666666666
1363187,4561143213631870,2300,0,1,1988-05-28,,1498.51,2300.0,1.0,17.0,0.0,0.0,12.0,-485.16,-801.49,-316.78000000000003,-2300.0,11.689655172413794
1363086,4561143213630860,3000,0,1,1994-02-18,,2401.95,130.9,1.0,17.0,0.0,1.0,12.0,2337.4400000000005,2271.05,-66.66,-130.9,11.8
1363044,4561143213630440,1000,0,1,1990-06-18,,150.3,523.08,4.0,30.0,0.0,2.0,11.0,-370.65999999999985,-372.77999999999975,-2.12,-523.08,7.804347826086956
1362535,4561143213625350,1300,1,1,1990-05-15,,204.27,0.0,0.0,0.0,0.0,72.0,1.0,207.15,204.27,-2.88,0.0,5.0
1362697,4561143213626970,3000,0,1,1995-11-24,,0.0,0.0,,,,,,,,,,
1362657,4561143213626570,4200,0,1,1995-03-15,,0.0,0.0,,,,,,,,,,
1363492,4561143213634920,7100,0,1,1991-12-31,,4128.58,6869.0,1.0,14.0,0.0,2.0,12.0,-1777.14,-2740.42,-963.28,-6869.0,12.607142857142858
1363126,4561143213631260,2900,0,1,1995-02-05,,0.0,2900.0,2.0,25.0,0.0,4.0,10.0,-2717.77,-2900.0,-182.23,-2900.0,7.75
1362737,4561143213627370,6600,0,1,1995-10-09,,0.0,6600.0,6.0,55.0,0.0,6.0,2.0,-6600.000000000001,-6600.000000000001,-0.0,-6587.62,1.0735294117647058
1362636,4561143213626360,1000,0,1,1987-08-30,,1038.96,1000.0,4.0,36.0,0.0,7.0,12.0,111.48999999999994,38.96000000000002,-72.89,-1000.0,6.103448275862069
1363206,4561143213632060,6300,0,1,1995-11-13,,0.0,5490.45,0.0,26.0,0.0,2.0,1.0,-5490.45,-5490.45,-0.0,-5246.67,1.5357142857142858
1363370,4561143213633700,1000,0,1,1993-04-27,,294.72,746.6,3.0,24.0,0.0,1.0,12.0,-428.56000000000006,-451.88,-23.95,-746.6,9.051282051282051
1363471,4561143213634710,4500,0,1,1995-07-10,,0.0,3229.66,3.0,41.0,0.0,4.0,5.0,-3219.51,-3229.6600000000003,-10.15,-3229.66,3.2115384615384617
1362962,4561143213629620,1000,0,1,1993-11-27,,44.95,609.74,4.0,50.0,0.0,5.0,11.0,-564.1599999999996,-564.7899999999997,-0.63,-609.74,5.101449275362318
1362594,4561143213625940,17300,0,0,1992-03-03,1995-07-19,9557.0,0.0,2.0,34.0,0.0,11.0,7.0,10440.060000000001,9557.0,-883.0600000000001,0.0,3.6792452830188678
1363227,4561143213632270,3000,0,1,1995-03-27,,0.0,588.15,1.0,24.0,0.0,3.0,8.0,-588.15,-588.15,-0.0,-588.15,7.428571428571429
1363328,4561143213633280,1000,0,1,1995-03-29,,0.0,538.93,1.0,8.0,0.0,0.0,4.0,-538.93,-538.93,-0.0,-538.93,21.416666666666668
1363288,4561143213632880,2100,0,1,1993-11-16,,1886.71,1980.9,6.0,29.0,0.0,1.0,12.0,122.63000000000008,-94.18999999999986,-218.26,-1980.9,7.659574468085107
1362920,4561143213629200,1000,0,1,1995-12-13,,0.0,0.0,,,,,,,,,,
1363084,4561143213630840,1700,0,1,1995-09-26,,0.0,1700.0,0.0,13.0,0.0,0.0,3.0,-1678.9199999999998,-1699.28,-20.36,-1700.0,4.666666666666667
1363185,4561143213631850,1000,0,1,1995-09-18,,0.0,1000.0,0.0,12.0,0.0,3.0,3.0,-991.68,-1000.0,-8.32,-1000.0,4.352941176470588
1363410,4561143213634100,1400,0,1,1995-11-01,,0.0,0.0,,,,,,,,,,
1362777,4561143213627770,3300,0,1,1995-04-09,,0.0,1868.87,11.0,114.0,0.0,4.0,8.0,-1868.8699999999997,-1868.8699999999997,-0.0,-1868.87,1.9485294117647058
1363002,4561143213630020,6100,0,1,1993-12-08,,1827.21,2684.46,11.0,125.0,0.0,7.0,12.0,-594.48,-857.2499999999997,-263.13,-2684.46,2.344155844155844
1363164,4561143213631640,1200,0,1,1988-11-05,,476.61,1200.0,5.0,61.0,0.0,4.0,12.0,-655.5400000000002,-723.3899999999999,-67.85,-1160.17,4.320987654320987
1363267,4561143213632670,12600,6,1,1995-01-27,,0.0,1271.39,22.0,0.0,0.0,17.0,10.0,-1246.6299999999999,-1271.39,-24.759999999999998,-1271.39,6.895833333333333
1362613,4561143213626130,1000,0,1,1989-01-21,,248.01,1000.0,0.0,20.0,0.0,2.0,12.0,-628.0,-751.99,-123.99,-1000.0,10.454545454545455
1362512,4561143213625120,3000,0,1,1993-01-25,,565.56,1880.46,2.0,10.0,0.0,2.0,12.0,-1199.63,-1314.9,-115.27,-1880.46,14.28
1363082,4561143213630820,1800,0,1,1993-10-18,,819.46,907.82,0.0,19.0,0.0,0.0,12.0,-54.210000000000036,-88.36000000000013,-34.15,-907.82,11.833333333333334
1363307,4561143213633070,3000,0,1,1994-04-09,,2484.57,1199.3,11.0,59.0,0.0,2.0,12.0,1350.4800000000002,1285.27,-66.56,-1159.3,4.337349397590361
1362939,4561143213629390,7100,0,1,1994-01-14,,5484.95,772.03,4.0,52.0,0.0,1.0,12.0,4776.45,4712.92,-63.53,-772.03,5.132352941176471
1363103,4561143213631030,2200,0,0,1992-10-04,1995-07-18,2007.57,513.06,1.0,20.0,1.0,3.0,7.0,1849.6100000000001,1694.51,-155.1,-513.06,6.354838709677419
1362735,4561143213627350,3000,0,1,1995-12-21,,0.0,3000.0,2.0,24.0,0.0,4.0,0.0,-3000.0,-3000.0,-0.0,-3000.0,0.3448275862068966
1362960,4561143213629600,8600,0,1,1986-07-24,,5951.37,8600.0,1.0,24.0,0.0,3.0,12.0,-1609.9500000000003,-2648.63,-1038.68,-8600.0,9.256410256410257
1363204,4561143213632040,1200,0,1,1995-08-12,,0.0,1200.0,0.0,25.0,0.0,5.0,4.0,-1175.35,-1199.9999999999998,-25.46,-1200.0,4.03030303030303
1363429,4561143213634290,3000,0,0,1990-06-01,1995-01-03,2943.97,1739.74,0.0,10.0,0.0,2.0,1.0,1238.3300000000004,1204.23,-34.1,-855.81,0.16666666666666666
1362592,4561143213625920,3300,0,0,1993-05-31,1995-12-20,2106.82,310.1,0.0,14.0,1.0,1.0,12.0,2253.59,1796.72,-457.59000000000003,-310.1,13.037037037037036
1362552,4561143213625520,1000,0,1,1993-08-06,,367.42,493.17,3.0,42.0,0.0,2.0,12.0,-78.27999999999983,-125.74999999999983,-47.47,-493.17,6.224137931034483
1363326,4561143213633260,3800,0,1,1995-07-06,,0.0,0.0,,,,,,,,,,
1362817,4561143213628170,1000,0,1,1987-02-11,,206.66,1000.0,1.0,21.0,0.0,2.0,12.0,-666.72,-792.89,-126.62,-1000.0,10.085714285714285
1362918,4561143213629180,1000,0,1,1994-01-15,,345.5,1000.0,3.0,21.0,0.0,6.0,12.0,-533.7,-654.5,-120.8,-1000.0,8.341463414634147
1363408,4561143213634080,1800,0,1,1990-01-12,,865.61,1800.0,2.0,17.0,0.0,0.0,12.0,-686.29,-934.39,-248.37,-1800.0,11.366666666666667
1363387,4561143213633870,1000,0,1,1990-09-18,,857.38,1000.0,0.0,18.0,0.0,2.0,12.0,7.700000000000017,-142.62,-151.13,-1000.0,10.903225806451612
1362531,4561143213625310,2200,0,1,1994-06-26,,2016.11,2200.0,1.0,17.0,0.0,2.0,12.0,151.46999999999989,-183.8899999999999,-335.36,-2200.0,11.161290322580646
1362775,4561143213627750,1000,0,1,1992-05-24,,466.06,629.25,0.0,19.0,0.0,2.0,12.0,-119.14999999999998,-163.19000000000005,-44.04,-629.25,11.25
1363265,4561143213632650,1200,0,1,1995-05-20,,0.0,133.12,3.0,39.0,0.0,1.0,7.0,-133.12,-133.12,-0.0,-133.12,4.36734693877551
1363040,4561143213630400,1900,0,1,1995-06-02,,0.0,1900.0,0.0,11.0,0.0,1.0,6.0,-1816.85,-1900.0,-83.15,-1782.19,10.294117647058824
1362857,4561143213628570,1000,0,1,1994-02-20,,13.11,357.0,6.0,34.0,0.0,4.0,12.0,-301.38000000000017,-343.8900000000003,-43.59,-357.0,6.345454545454546
1362489,4561143213624890,2800,0,0,1990-08-16,1995-09-18,1465.41,20.0,0.0,24.0,1.0,1.0,9.0,1694.18,1445.41,-248.77,-20.0,7.617647058823529
1362653,4561143213626530,1600,0,1,1995-09-25,,0.0,1188.57,0.0,26.0,0.0,3.0,3.0,-1188.5700000000002,-1188.5700000000002,-0.0,-1188.57,2.870967741935484
1362754,4561143213627540,3000,0,1,1990-01-11,,74.35,0.0,1.0,8.0,0.0,0.0,7.0,75.20999999999998,74.34999999999997,-0.86,0.0,22.266666666666666
1362714,4561143213627140,1000,0,1,1990-11-05,,175.29,457.29,3.0,42.0,0.0,3.0,12.0,-279.53,-282.0,-2.47,-457.29,6.101694915254237
1363223,4561143213632230,3700,0,1,1992-06-13,,657.55,586.29,2.0,25.0,0.0,1.0,12.0,122.4100000000001,71.25999999999992,-51.33,-586.29,8.64102564102564
1363448,4561143213634480,1400,0,1,1995-01-09,,0.0,1400.0,2.0,27.0,0.0,2.0,11.0,-1240.03,-1400.0,-159.97,-1400.0,8.487804878048781
1362611,4561143213626110,3600,0,1,1994-06-04,,2477.19,133.87,2.0,27.0,0.0,3.0,12.0,2450.88,2343.32,-107.92,-133.87,8.162790697674419
1362571,4561143213625710,1000,0,1,1994-04-22,,646.48,959.28,0.0,9.0,0.0,0.0,12.0,-201.82,-312.79999999999995,-111.79,-844.36,18.1
1363345,4561143213633450,2700,0,1,1994-08-28,,2406.56,2700.0,1.0,30.0,0.0,2.0,12.0,0.40000000000024727,-293.4400000000004,-294.92,-2700.0,7.954545454545454
1362836,4561143213628360,1000,0,1,1992-03-18,,55.9,1000.0,2.0,22.0,0.0,5.0,12.0,-814.41,-944.1,-129.69,-1000.0,8.9
1362937,4561143213629370,2300,0,0,1994-07-22,1995-11-10,1671.88,0.0,2.0,26.0,0.0,1.0,11.0,1900.8200000000004,1671.88,-228.94,0.0,8.0
1363101,4561143213631010,7900,0,1,1995-06-16,,0.0,2054.32,4.0,34.0,0.0,1.0,6.0,-2022.4500000000003,-2054.32,-32.59,-2054.32,4.318181818181818
1363059,4561143213630590,1200,0,1,1995-04-13,,0.0,1200.0,2.0,18.0,0.0,2.0,8.0,-1113.8,-1200.0,-86.2,-1200.0,8.172413793103448
1362693,4561143213626930,1000,0,1,1995-06-25,,0.0,1000.0,1.0,13.0,0.0,2.0,5.0,-948.8000000000001,-1000.0,-51.2,-1000.0,7.35
1363385,4561143213633850,1000,0,1,1988-03-15,,834.47,0.0,1.0,25.0,0.0,2.0,10.0,846.22,834.47,-11.75,0.0,8.945945945945946
1363427,4561143213634270,4200,0,0,1990-06-10,1995-12-22,2575.11,20.0,2.0,8.0,1.0,0.0,12.0,3107.4900000000002,2555.11,-552.38,-20.0,16.0
1362508,4561143213625080,3000,0,1,1989-10-01,,811.96,1072.17,6.0,65.0,0.0,4.0,12.0,-179.90000000000003,-260.21,-80.94,-1072.17,4.116279069767442
1362815,4561143213628150,1000,0,1,1995-10-27,,0.0,1000.0,1.0,14.0,0.0,2.0,2.0,-889.47,-891.59,-2.12,-1000.0,2.5
1363038,4561143213630380,1800,0,1,1995-08-06,,0.0,1800.0,1.0,15.0,0.0,4.0,4.0,-1741.27,-1800.0,-59.36,-1800.0,6.130434782608695
1363284,4561143213632840,1800,0,1,1990-07-21,,832.94,965.92,5.0,22.0,0.0,1.0,9.0,-121.25000000000017,-132.97999999999996,-11.73,-965.92,9.666666666666666
1362630,4561143213626300,3000,0,0,1992-03-31,1995-03-19,2016.58,962.62,3.0,32.0,0.0,4.0,3.0,1077.3200000000002,1053.96,-23.36,-962.62,1.853658536585366
1362672,4561143213626720,1000,0,1,1995-08-14,,0.0,226.57,1.0,12.0,0.0,0.0,4.0,-226.57,-226.57,-0.0,-226.57,7.8125
1362895,4561143213628950,1300,0,1,1995-10-03,,0.0,1300.0,1.0,18.0,0.0,6.0,2.0,-1287.3700000000001,-1300.0,-12.63,-1300.0,2.6923076923076925
1362529,4561143213625290,2200,0,0,1992-02-02,1995-12-31,1481.64,433.43,2.0,18.0,1.0,6.0,12.0,1361.3099999999997,1048.2099999999998,-314.0,-433.43,9.5
1363364,4561143213633640,3000,0,0,1989-11-23,1995-07-23,1783.86,1785.97,3.0,59.0,1.0,5.0,7.0,18.550000000000068,-2.1099999999997863,-20.66,-1785.97,2.7027027027027026
1363467,4561143213634670,1500,0,1,1993-06-30,,1193.89,1500.0,6.0,47.0,0.0,9.0,12.0,-188.47999999999996,-306.1099999999999,-118.97999999999999,-1500.0,4.904109589041096
1363263,4561143213632630,3000,0,1,1995-03-29,,0.0,1218.94,5.0,60.0,0.0,2.0,9.0,-1218.9399999999998,-1218.9399999999998,-0.0,-1218.94,3.64
1362569,4561143213625690,9200,0,1,1995-12-06,,0.0,9200.0,0.0,27.0,0.0,1.0,0.0,-9200.0,-9200.0,-0.0,-8960.66,0.8888888888888888
1363303,4561143213633030,1000,0,1,1995-04-22,,0.0,1000.0,5.0,44.0,0.0,4.0,8.0,-999.9999999999999,-999.9999999999999,-0.0,-1000.0,4.033333333333333
