cust_id,CA,CG,DP,FA,FK,FM,FP,FU,IN,IQ,PM,TR,WD,avg_days_btwn_trans,interest_amt,new_balance,principal_amt,tran_amt
1362480,1,15,20,1,25,0,1,2,12,23,12,13,32,26.182106649111258,378.28000000000003,1254.83,1807.71,2185.99
1362484,1,38,30,0,0,0,3,13,15,15,12,10,50,18.816515495086925,33.08,1847.7700000000002,302.3100000000002,335.3900000000001
1362485,7,50,16,0,23,0,0,1,0,19,12,13,30,5.223483759701064,56.93,-1009.03,-981.9099999999999,-925.52
1362486,0,0,5,0,0,0,0,0,24,3,0,5,13,29.791666666666664,57.2,3428.5099999999998,-1165.56,-1108.36
1362487,3,23,3,0,0,0,12,0,19,12,4,6,21,21.713894159814465,51.12,-134.12999999999988,-3603.25,-3553.12
1362488,0,0,10,0,0,0,7,1,7,25,0,6,43,3.193877551020408,19.63,162.42,-4132.15,-4112.52
1362489,0,24,16,1,22,0,6,1,18,17,9,10,32,26.083633453381353,258.36,479.08,341.2600000000002,599.6200000000001
1362492,1,24,16,0,0,0,3,2,8,20,4,18,34,6.736054421768707,69.53999999999999,-1417.1799999999998,-6550.7699999999995,-6481.68
1362496,0,0,0,0,0,0,0,0,12,0,0,0,0,30.363636363636363,3.7199999999999998,251.06,0.0,3.7199999999999998
1362497,0,0,8,0,0,0,0,0,12,2,0,5,10,9.972222222222221,4.27,10.86,-566.36,-562.09
1362498,0,0,6,0,14,0,5,0,12,11,0,2,19,36.11363636363636,34.34,2480.5099999999998,-61.10999999999998,-26.769999999999975
1362499,0,19,0,0,0,0,0,0,0,7,12,0,0,9.432432432432432,269.79,-1900.0,-853.7,-583.9100000000001
1362500,0,0,2,0,5,0,0,0,12,2,0,2,7,31.481283422459892,5.01,1806.13,587.99,593.0
1362501,0,0,10,0,22,0,3,0,0,10,12,7,25,35.33373205741627,159.4,-45.400000000000006,2831.02,2989.1600000000003
1362502,0,0,5,0,0,0,0,0,12,2,0,0,3,15.904761904761905,11.56,697.68,458.39000000000004,469.95000000000005
1362503,0,0,12,0,24,0,1,0,8,19,0,7,28,2.7142857142857144,14.4,535.61,-1654.3300000000002,-1639.9300000000003
1362505,0,0,23,0,21,0,7,1,10,22,0,16,33,12.119666048237477,10.18,217.53,-228.25000000000017,-218.07000000000014
1362506,2,20,0,0,0,0,0,0,0,2,6,0,0,6.896551724137931,0.0,-4216.53,-4216.53,-4216.53
1362507,0,0,13,0,26,0,1,0,4,16,0,6,33,1.1428571428571428,1.99,1127.13,748.6299999999998,750.6199999999999
1362508,6,65,23,0,0,0,1,15,13,30,12,19,35,15.491279069767442,84.64,-741.95,-2701.53,-2617.5200000000004
1362509,5,69,34,1,27,0,1,2,7,25,6,8,43,7.12156862745098,48.23,338.52,878.9799999999998,927.21
1362510,0,0,15,0,0,0,12,0,12,12,0,7,37,3.7872340425531914,8.44,222.28,-2598.11,-2589.67
1362511,4,36,22,0,23,0,2,4,12,28,6,16,35,15.002714547357405,8.33,-144.3599999999999,-624.28,-615.9499999999998
1362512,2,10,29,0,0,0,8,1,12,22,12,8,39,22.618535414165667,134.67,609.8299999999999,-1780.6,-1645.93
1362513,0,0,12,0,11,0,0,0,12,8,0,5,16,14.371891891891892,3.29,1164.76,354.29000000000013,357.5800000000001
1362516,0,27,2,0,0,0,0,3,12,3,12,1,4,23.47045707915273,103.67,2857.05,-869.34,-766.66
1362520,4,24,12,1,22,0,0,10,0,23,12,6,30,8.344619666048239,293.98,513.86,1310.5299999999997,1603.8799999999997
1362523,0,0,5,0,0,0,0,0,12,2,0,3,4,13.36,3.73,127.38,-138.56,-134.82999999999998
1362524,0,0,5,0,0,0,0,0,12,1,0,4,4,13.36,3.45,619.05,467.95000000000005,471.4
1362525,8,69,21,0,21,0,1,4,12,32,12,17,39,13.63326763152358,107.46,-534.71,1714.4899999999998,1821.3200000000002
1362526,0,0,17,0,23,0,2,0,12,18,12,19,32,47.20521093813019,448.29,-696.6099999999999,254.4399999999996,702.46
1362528,6,31,29,0,0,0,4,2,17,18,12,11,50,20.633333333333333,23.33,817.3799999999999,-1419.09,-1395.7600000000002
1362529,2,18,15,1,29,1,1,0,12,24,12,8,36,26.546938775510203,324.78,1447.6299999999999,1486.3299999999995,1810.2099999999996
1362530,3,32,18,0,0,0,1,1,17,37,12,16,40,22.251332533013205,91.91,-1082.18,-6404.799999999999,-6313.700000000001
1362531,1,17,19,0,0,0,3,0,3,22,12,11,43,12.079657669519422,339.96000000000004,-284.26,-3615.19,-3275.2300000000005
1362535,0,0,0,0,0,0,0,0,0,72,1,0,0,5.0,2.88,0.0,204.27,207.15
1362537,0,0,8,0,0,0,0,2,12,2,0,1,3,12.37037037037037,7.12,1603.69,1475.1399999999999,1482.26
1362540,0,0,16,0,0,0,0,1,6,16,0,10,50,1.7142857142857142,80.36,2119.86,-9183.87,-9103.51
1362541,19,0,0,0,0,0,0,0,0,24,5,0,0,5.723404255319149,47.3,-2093.96,-2093.96,-2046.66
1362542,0,0,11,1,13,0,2,1,12,18,12,6,16,49.840769230769226,116.43,1634.74,319.2900000000004,435.72
1362546,6,62,26,0,0,0,2,2,14,23,12,10,52,19.591015490533565,85.10000000000001,-216.7900000000002,-661.5699999999999,-576.4700000000003
1362547,10,44,0,0,0,0,0,0,0,3,8,0,0,3.78125,69.71000000000001,-813.32,-952.5200000000002,-882.81
1362548,0,13,15,0,0,0,5,12,21,13,8,10,36,49.26839826839827,113.42000000000002,754.99,1432.92,1546.3400000000001
1362549,8,50,15,0,0,0,0,5,12,5,12,5,6,13.291666666666668,85.21,39.960000000000036,733.63,818.21
1362550,0,0,3,0,0,0,0,0,12,5,0,0,6,13.36,16.31,487.77,-166.67,-150.35999999999996
1362551,0,0,18,0,14,0,0,5,0,12,0,5,25,1.2564102564102564,0.0,2044.37,1691.25,1691.25
1362552,3,42,12,0,22,0,6,4,0,20,12,9,28,8.377199155524279,47.47,-485.75,-330.72999999999985,-283.2599999999999
1362555,0,0,29,0,12,1,0,3,13,25,0,17,35,9.951020408163265,4.19,1067.32,177.13999999999993,181.32999999999987
1362556,5,20,3,1,0,0,0,0,12,12,8,1,2,22.082462253193963,206.33999999999997,419.42,1327.1,1533.4399999999996
1362557,0,7,19,0,14,0,1,7,20,25,1,13,31,17.470068027210885,37.71,-784.0799999999999,-3664.5299999999997,-3626.82
1362562,3,21,30,0,0,0,0,0,22,27,1,15,47,13.643380429094714,130.57,-113.57999999999993,-8630.8,-8500.23
1362563,0,22,16,0,30,1,0,0,0,13,4,7,33,5.326530612244898,20.38,-385.19,-1535.4299999999998,-1515.05
1362565,1,39,20,0,0,0,1,0,18,29,12,16,40,24.273620559334844,102.84,-145.95000000000005,-5436.3,-5333.7300000000005
1362566,0,31,17,1,0,0,0,0,0,23,12,12,52,7.392857142857143,779.0,18.1,-12495.830000000002,-11716.830000000002
1362567,0,0,19,0,0,0,0,2,12,4,0,7,13,6.464285714285714,57.99,5143.26,1770.6799999999998,1828.6699999999998
1362568,0,0,18,0,0,0,2,13,23,14,0,13,46,14.629486277269528,52.73,607.5,-4003.0099999999998,-3950.28
1362569,0,27,14,0,26,0,1,0,4,15,0,6,34,2.2868480725623583,5.1499999999999995,-9153.52,-10085.74,-10080.59
1362570,0,0,0,0,0,0,0,0,12,0,0,0,0,30.363636363636363,2.61,174.16,0.0,2.61
1362571,0,9,14,0,19,0,0,2,12,23,12,9,31,36.10227272727273,139.02,844.75,-847.0699999999999,-708.86
1362572,2,25,25,0,19,0,1,8,12,26,11,7,33,21.82860723236663,16.04,107.25999999999999,-11.440000000000083,4.5999999999999375
1362573,0,0,28,0,0,0,1,4,14,21,0,12,59,9.6268969126112,315.66,11444.58,-4875.99,-4560.33
1362574,4,57,0,0,0,0,0,0,0,7,6,0,0,2.8219178082191783,0.0,-1300.0,-1300.0000000000002,-1300.0000000000002
1362577,1,11,12,0,18,0,3,4,8,20,8,14,21,14.57857142857143,109.69,-1460.5700000000002,-2434.4700000000003,-2324.7799999999997
1362578,2,32,22,0,0,0,8,0,19,25,12,13,42,24.668945578231295,42.480000000000004,342.90999999999997,-2407.37,-2365.79
1362579,54,0,18,1,18,0,1,0,0,44,6,11,32,2.5674669867947175,91.77,-398.67,1810.3700000000001,1902.14
1362580,0,21,13,0,19,0,2,12,12,22,12,10,33,27.632653061224488,201.73,-1276.67,-1706.7999999999997,-1505.07
1362584,4,24,18,0,25,0,0,0,12,21,3,12,40,17.325936920222635,33.04,1029.3799999999999,-1167.61,-1134.57
1362585,0,0,14,0,24,0,1,1,2,18,0,9,30,0.5816326530612245,0.78,176.63,-205.55000000000004,-204.7700000000001
1362586,0,39,15,0,19,0,0,12,0,22,12,9,27,6.694063079777366,344.88,-3238.15,-2232.06,-1887.18
1362587,5,54,33,0,0,0,1,0,13,30,12,16,47,15.455815018315018,133.79,1028.73,-1278.22,-1144.97
1362588,4,33,20,0,26,0,2,0,14,28,12,9,38,18.343894397381593,37.22,-984.42,-1017.5000000000001,-980.4600000000002
1362589,0,0,8,0,0,0,0,0,12,3,0,3,6,11.709677419354838,8.17,833.68,607.5400000000001,615.71
1362590,0,0,4,0,0,0,11,11,24,6,0,1,25,35.34914361001317,45.879999999999995,1610.38,-1758.9299999999998,-1713.05
1362591,7,81,21,0,0,0,2,2,1,22,12,11,44,4.099167822468793,142.02999999999997,-1360.1999999999998,-3165.8799999999997,-3024.659999999999
1362592,0,14,14,1,23,0,1,3,4,17,12,7,31,14.057445200302343,462.54,33.40999999999997,1212.5899999999997,1674.4099999999999
1362593,5,57,14,0,0,0,1,0,8,22,6,7,54,5.052950910093767,87.36,-441.33000000000004,-4674.45,-4587.36
1362594,2,34,27,0,0,0,0,0,20,31,7,15,55,15.722267897470054,1124.52,10827.49,4156.750000000002,5281.270000000002
1362595,0,0,10,0,0,0,5,0,4,33,0,10,37,1.5714285714285714,2.5500000000000003,117.93,-3971.99,-3969.44
1362596,0,0,6,0,0,0,0,1,12,1,0,4,2,13.36,14.91,259.05,-300.30999999999995,-285.4
1362597,2,31,17,0,0,0,2,1,2,22,12,10,47,8.470275066548359,91.38,143.45999999999992,-1622.68,-1531.2999999999997
1362598,0,0,9,1,0,0,2,0,1,13,12,11,38,28.861872146118724,89.67999999999999,-6.460000000000001,-5026.68,-4937.0
1362602,2,53,27,0,26,0,1,7,14,19,10,7,39,14.524107142857142,111.75,1700.65,4772.83,4884.58
1362604,0,0,11,0,0,0,0,0,12,3,0,1,13,8.564102564102564,3.71,233.76,-2.2100000000000364,1.4999999999999227
1362605,1,18,12,0,15,0,8,1,21,12,12,9,18,46.17970062066448,64.35,-380.2299999999999,-545.78,-482.86999999999995
1362606,3,44,15,0,0,0,1,1,10,20,7,13,40,7.133030990173848,57.99,87.00999999999999,-5074.75,-5016.76
1362607,5,45,14,0,27,0,1,0,1,23,11,4,32,6.065759637188209,22.71,-737.98,929.07,951.7800000000002
1362609,3,29,23,0,0,0,2,1,13,29,12,17,45,20.14591045720614,366.89,-2919.86,-4497.11,-4130.22
1362610,4,29,0,0,0,0,0,0,0,5,11,0,0,7.520833333333333,10.15,-545.57,175.28000000000003,185.43
1362611,2,27,0,0,0,0,0,2,0,3,12,0,0,99.16279069767442,107.92,227.44,2341.82,2449.38
1362613,0,20,6,0,0,0,0,6,12,3,12,0,3,22.824915824915827,127.71,-861.26,-653.38,-525.67
1362614,0,0,17,0,0,0,0,0,12,1,0,4,6,8.564102564102564,4.31,1534.73,1389.77,1394.0800000000002
1362617,0,9,7,0,6,0,2,0,24,8,4,7,13,45.965488215488215,5.75,-101.83999999999997,-494.0399999999999,-488.28999999999996
1362619,0,0,17,0,0,0,8,0,20,17,1,14,35,33.42486085343228,84.31,1892.32,542.1399999999999,626.4499999999994
1362620,0,0,21,0,0,0,1,1,0,21,0,14,41,0.30612244897959184,0.0,253.04,-3990.5299999999997,-3990.5299999999997
1362621,0,7,17,0,0,0,12,0,24,12,1,10,29,22.541666666666668,46.92,619.98,-2819.57,-2772.6499999999996
1362622,2,31,32,1,0,0,1,1,16,20,7,10,55,17.78480725623583,444.15,13887.730000000001,1894.4700000000003,2338.08
1362623,0,0,8,0,11,0,0,7,12,11,0,5,14,25.994194484760524,2.12,156.32,-261.61,-259.49
1362624,9,28,4,0,0,0,0,1,12,1,12,3,5,20.63083333333333,73.03999999999999,-371.99,-107.8399999999998,-34.80000000000007
1362625,0,28,4,0,3,4,1,0,3,3,12,2,3,14.363636363636363,79.19999999999999,-202.11,2499.0600000000004,2577.18
1362630,3,32,18,0,0,0,3,0,3,29,3,15,35,2.7618218018914886,25.71,-754.87,-1600.51,-1574.8
1362631,4,33,7,0,0,0,11,11,23,12,12,8,27,41.56506493506493,29.400000000000002,-41.700000000000045,-4306.36,-4276.96
1362632,0,0,15,0,0,0,1,0,0,21,0,6,56,0.3979591836734694,0.0,39.58,-6774.2699999999995,-6774.2699999999995
1362633,5,47,25,0,0,0,2,1,14,22,12,20,58,14.911261802018103,56.14,-708.46,-4814.69,-4758.55
1362636,4,36,12,0,0,0,8,11,6,24,12,14,31,8.562631949331458,78.98,-980.8,-2624.41,-2545.7900000000004
1362637,1,18,16,0,26,0,0,1,12,23,6,6,35,26.508208616780045,70.48,-1083.12,-1751.82,-1681.3400000000001
1362638,0,0,11,0,9,0,6,0,0,12,0,5,14,6.071428571428571,0.0,0.0,-125.80999999999987,-125.80999999999987
1362640,3,48,11,0,0,0,0,2,12,5,12,2,5,15.590073529411764,113.98,947.6500000000001,1784.17,1898.0600000000002
1362641,2,15,2,0,0,0,12,0,23,10,10,3,15,49.83011204481792,35.32,1535.9,-836.2600000000001,-800.94
1362642,6,48,25,0,24,0,1,0,12,27,12,12,34,17.949659863945577,78.89,-796.1800000000001,-339.98999999999995,-261.82000000000016
1362643,1,15,8,0,0,0,5,0,20,15,4,2,25,25.128367003367003,70.78999999999999,1795.46,-1142.4899999999996,-1071.6999999999998
1362644,0,9,8,0,6,0,1,1,12,5,12,5,10,58.02792207792208,14.709999999999999,51.24000000000001,-169.66000000000003,-155.40000000000006
1362645,2,22,14,1,29,0,1,0,0,19,9,5,35,7.328736900165471,268.62,1175.69,2700.52,2969.05
1362649,6,62,15,0,26,0,0,2,0,19,12,4,37,4.45992131792476,57.849999999999994,-969.38,-917.0400000000001,-859.3700000000001
1362650,0,10,10,0,0,0,0,0,12,14,1,2,9,10.763869132290184,2.15,-850.8,-1008.61,-1006.46
1362652,0,0,10,0,18,0,0,12,10,18,0,12,19,2.806122448979592,3.93,54.31,-292.03,-288.0999999999999
1362653,0,26,17,0,22,0,2,0,1,21,3,5,34,3.5852534562211984,0.01,-165.41999999999996,-746.3900000000003,-746.3800000000003
1362654,0,0,3,0,0,0,0,0,12,1,0,1,4,16.7,24.78,622.46,-186.85000000000002,-162.07
1362656,3,35,8,0,0,0,0,0,12,6,12,2,11,16.662702702702703,62.120000000000005,-77.42000000000002,686.04,748.1600000000001
1362657,0,0,12,0,20,0,3,4,0,5,0,5,30,4.641025641025641,0.0,22.1,-126.76999999999991,-126.76999999999991
1362658,0,0,1,0,0,0,0,1,24,3,8,1,8,74.9064935064935,185.53,3755.74,1696.2999999999997,1880.3899999999999
1362659,0,0,16,0,0,0,0,4,12,4,0,8,10,6.30188679245283,14.129999999999999,315.94,-274.03,-259.9
1362661,2,39,14,0,0,0,0,0,12,9,12,4,5,14.92124542124542,114.07000000000001,1226.62,1304.0700000000002,1417.78
1362662,0,0,16,0,0,0,5,9,5,16,0,8,40,1.663265306122449,8.25,139.01,-2519.61,-2511.36
1362663,3,33,13,0,23,0,6,0,0,17,12,9,34,9.671836734693878,418.38,-4307.08,-2724.6300000000006,-2306.2500000000005
1362664,3,25,20,0,0,0,0,0,8,21,5,13,41,7.526077097505669,83.55,1631.27,-2566.420000000001,-2483.500000000001
1362665,0,0,8,0,0,0,0,4,12,6,0,2,5,9.305555555555555,31.71,2144.37,-125.09000000000003,-93.38000000000005
1362666,0,0,4,0,0,0,0,0,12,1,0,3,2,15.904761904761905,16.47,300.42,-288.76,-272.28999999999996
1362668,0,0,14,0,0,0,0,7,12,1,0,3,3,8.564102564102564,14.24,1470.67,1242.52,1256.76
1362669,0,0,10,0,0,0,0,0,12,5,0,3,3,10.4375,21.35,1693.81,1499.58,1520.93
1362670,0,0,18,0,0,0,1,0,1,22,0,12,45,0.35714285714285715,0.27,106.94,-2590.1,-2589.83
1362671,0,15,8,0,0,0,0,6,12,10,2,2,7,11.471291866028707,17.91,-1016.81,-1174.42,-1156.5099999999998
1362672,1,12,8,0,19,0,0,1,0,9,4,5,25,8.009469696969697,0.0,442.59,264.6499999999999,264.6499999999999
1362674,0,0,24,0,0,0,5,4,10,15,0,11,46,11.019047619047619,14.57,383.35999999999996,-2409.8,-2395.23
1362675,3,14,8,0,0,0,12,0,24,7,12,4,10,38.72233169129721,127.81,1370.6100000000001,-1508.13,-1380.3200000000002
1362677,0,0,16,0,21,0,0,0,0,17,0,7,38,0.7346938775510204,0.0,385.66,275.07000000000016,275.07000000000016
1362680,2,18,16,0,25,0,3,0,0,15,2,9,32,4.88682745825603,8.77,-151.77999999999997,-387.07000000000005,-378.30000000000007
1362681,0,0,13,0,0,0,0,0,12,5,0,2,6,9.027027027027026,59.21,3629.45,340.69000000000005,399.89999999999986
1362682,0,0,6,0,0,0,10,0,24,10,0,1,26,36.05113636363636,35.38,589.68,-3710.54,-3675.1600000000003
1362683,6,115,0,0,0,0,0,0,0,8,12,0,0,2.5714285714285716,160.63,-5359.08,-2462.4100000000003,-2301.78
1362685,2,29,19,0,20,0,2,0,14,25,7,10,37,21.594897959183672,72.45,1044.0700000000002,243.99000000000024,316.4400000000005
1362686,7,0,16,0,19,0,4,1,21,28,6,13,28,26.540249433106574,5.96,76.15,-414.37000000000006,-407.86999999999995
1362687,3,29,26,0,27,0,1,1,12,15,7,9,38,18.281473387903254,9.559999999999999,823.8300000000002,107.84000000000026,117.40000000000032
1362690,4,21,20,0,0,0,2,14,11,15,12,8,52,25.056393289022928,160.28,-805.74,-4296.98,-4137.51
1362693,1,13,14,0,0,0,6,1,17,28,5,17,42,23.626841171251108,61.67,-330.2099999999999,-3105.7799999999997,-3044.11
1362694,2,43,13,0,0,0,1,2,8,28,12,13,37,8.509858180560359,113.71,-1343.83,-4139.1900000000005,-4025.5699999999997
1362697,0,0,16,0,0,0,11,4,23,15,0,9,42,20.646938775510204,47.94,607.85,-2722.52,-2674.58
1362698,1,20,28,0,0,0,1,0,3,41,12,22,55,10.547619047619047,379.82000000000005,429.73,-3885.12,-3505.3
1362699,4,34,12,0,24,0,1,9,0,14,12,10,30,7.589387755102041,49.05,59.789999999999964,-172.01999999999992,-123.14999999999986
1362700,1,16,4,0,0,0,5,1,24,5,12,0,2,54.30979020979021,76.21,4702.509999999999,1979.42,2055.63
1362701,0,0,12,0,10,0,2,0,12,7,0,5,17,22.754736842105263,10.55,2028.25,1595.64,1606.19
1362702,0,0,20,0,21,0,2,0,13,26,0,10,37,13.065446868402534,9.09,441.46999999999997,-584.5000000000001,-575.4100000000002
1362703,4,38,28,0,0,0,3,0,14,17,12,15,61,17.24795918367347,319.86,6303.91,-3469.9900000000002,-3150.13
1362705,5,35,29,0,0,0,2,0,17,22,10,13,51,18.199232794854915,19.740000000000002,1083.19,-2639.78,-2620.04
1362708,1,20,21,0,22,0,1,0,13,23,12,16,46,18.84573521716379,264.13,3146.93,-1996.55,-1733.6799999999998
1362709,2,38,23,0,26,0,1,0,16,26,12,8,42,16.782923425780567,13.33,607.08,-1524.4800000000002,-1511.15
1362711,0,0,25,0,26,0,0,3,12,17,0,8,35,12.999215070643643,2.3,923.4,12.019999999999925,14.319999999999965
1362713,0,0,3,0,5,0,1,2,24,3,0,0,6,41.13782991202346,12.219999999999999,490.38,-372.92,-360.70000000000005
1362714,3,42,0,0,0,0,0,0,0,3,12,0,0,6.101694915254237,2.47,-457.29,-282.0,-279.53
1362715,7,33,17,0,0,0,2,6,14,29,12,15,42,22.57977736549165,42.269999999999996,-371.1600000000001,-2756.45,-2715.17
1362717,1,18,12,0,23,0,5,1,19,17,2,7,29,35.74025974025974,5.37,-565.05,-1065.81,-1060.44
1362718,0,0,0,0,0,0,0,0,24,0,12,0,0,91.54545454545455,182.45999999999998,2541.99,1849.53,2031.99
1362720,3,31,26,0,33,0,0,0,12,24,4,4,44,12.357691669538358,42.190000000000005,714.5899999999999,-1054.7099999999998,-1012.5199999999999
1362721,3,19,4,0,0,0,0,2,12,14,2,4,0,14.846153846153847,10.16,-951.78,-1120.8700000000001,-1111.07
1362722,2,22,13,0,0,0,1,2,22,18,10,15,41,42.61333624358835,129.85,-511.53,-7058.14,-6928.290000000001
1362725,3,29,19,0,25,0,1,0,12,12,9,14,38,23.840986394557824,541.33,14203.21,-7454.759999999999,-6914.15
1362726,1,28,10,0,25,0,0,8,0,18,12,7,34,8.74560987185572,53.66,-905.29,750.6400000000001,804.3
1362727,3,15,9,0,26,0,3,0,17,19,7,8,30,39.85996289424861,431.96999999999997,9524.57,3117.2500000000005,3549.2200000000003
1362729,0,0,0,0,0,0,0,0,12,0,0,0,0,30.363636363636363,1.7999999999999998,122.21,0.0,1.7999999999999998
1362730,0,26,16,0,31,1,0,0,1,11,3,4,36,4.0749472202674175,46.78,-2980.84,-3206.14,-3159.36
1362734,0,0,0,0,0,2,0,0,9,0,0,0,0,39.5,4.630000000000001,755.15,-20.0,-15.369999999999997
1362735,2,24,19,0,0,0,8,0,19,25,0,8,54,14.045742434904998,27.130000000000003,-2541.83,-5573.98,-5546.85
1362736,0,21,5,0,0,0,12,3,24,9,10,3,10,48.121212121212125,79.39,3865.7999999999997,-268.70000000000005,-189.30999999999995
1362737,6,55,15,0,24,0,1,1,0,19,2,8,37,2.28781512605042,0.0,-6404.87,-7095.750000000001,-7095.750000000001
1362740,3,33,11,0,18,0,2,0,7,19,12,7,23,39.04982456140351,81.46,-439.7400000000001,-233.1900000000001,-152.18000000000006
1362742,0,7,3,0,0,0,12,5,24,4,12,0,4,45.82857142857143,97.47,3391.06,3107.8199999999997,3204.57
1362743,6,46,21,0,0,0,5,0,16,36,2,14,35,17.41217951711577,63.720000000000006,1621.7199999999998,-3148.2799999999997,-3084.56
1362744,5,55,28,0,27,0,0,1,19,22,12,11,45,14.21905209452202,22.28,1669.43,1284.9700000000003,1307.25
1362746,3,42,23,0,22,0,1,1,12,32,12,12,37,16.3109056122449,88.87,1976.1299999999997,549.55,638.42
1362749,2,30,23,0,0,0,2,2,10,26,12,13,42,24.85590062111801,317.95000000000005,-1945.78,-3312.29,-2995.06
1362752,1,9,8,0,19,0,6,9,12,19,4,8,25,40.73785996612084,113.75999999999999,613.09,1818.2099999999996,1931.79
1362753,4,28,8,0,15,0,5,0,0,12,12,3,24,12.543402777777779,345.66,-2910.61,-909.31,-564.28
1362754,1,8,15,0,0,0,12,0,24,17,7,13,39,42.660544217687075,14.700000000000001,309.59000000000003,-2541.75,-2527.05
1362758,0,0,21,0,0,0,3,0,3,19,0,11,42,0.9489795918367347,3.87,407.32,-2175.06,-2171.19
1362759,2,41,20,0,29,0,1,0,12,19,12,14,44,16.34682248967963,32.33,-751.0500000000001,-92.89000000000038,-60.56000000000017
1362760,0,0,5,0,0,0,7,0,12,6,0,7,20,6.357142857142857,32.32,6.14,-6047.25,-6014.93
1362761,0,0,7,0,0,0,12,8,24,11,7,10,18,49.831995540691196,44.0,498.87,-2068.87,-2025.0500000000002
1362763,3,20,11,0,16,0,5,0,10,12,6,5,22,10.46922741161065,2.87,-157.28,-460.35,-457.48
1362764,0,0,12,0,19,0,7,0,7,24,0,3,27,2.561224489795918,0.72,728.77,449.94000000000017,450.6600000000001
1362765,4,51,26,0,0,0,1,15,3,23,12,12,48,7.193707482993197,18.990000000000002,1184.5899999999997,-687.48,-668.49
1362766,4,25,31,1,26,0,0,1,20,21,12,11,49,16.417545762266258,1083.34,26772.76,8721.41,9804.75
1362767,5,30,26,0,25,0,0,0,14,15,8,12,36,19.85138321995465,49.58,823.6600000000001,477.86999999999983,527.0899999999999
1362768,0,0,0,0,0,0,12,0,12,0,0,0,0,14.521739130434783,41.56,2429.77,-120.0,-78.44
1362769,0,34,0,0,0,0,0,0,0,1,7,0,0,5.487804878048781,0.0,-553.09,-553.09,-553.09
1362770,2,33,11,1,24,0,1,9,0,12,11,11,33,7.1020408163265305,392.8,455.38,3455.5600000000004,3848.36
1362771,8,51,22,0,26,0,0,9,12,25,12,11,40,13.556046710182049,114.89,1303.63,2047.8600000000001,2161.3099999999995
1362772,0,0,17,0,0,0,0,0,1,19,0,10,52,0.5816326530612245,3.85,18.3,-4121.14,-4117.29
1362775,0,19,0,0,0,0,0,0,0,2,12,0,0,11.25,44.04,-629.25,-163.19000000000005,-119.14999999999998
1362776,0,0,12,0,19,0,2,4,10,14,0,11,27,2.9591836734693877,15.79,31.28,-2716.18,-2700.3900000000003
1362777,11,114,12,0,0,0,0,1,12,17,8,8,9,8.133714596949892,3.25,-1839.4099999999999,-2169.7599999999993,-2166.5099999999993
1362781,0,0,27,0,20,0,1,0,12,16,0,11,26,17.293650793650794,51.05,3067.1600000000003,1635.6200000000001,1686.67
1362782,9,26,17,0,20,4,3,1,12,23,12,13,29,25.61794217687075,62.2,-826.3299999999999,-934.44,-872.8699999999999
1362783,0,0,28,0,20,1,0,8,13,14,0,5,33,15.96938775510204,7.34,1932.4900000000002,1096.2399999999998,1103.58
1362784,1,27,15,0,0,0,4,11,6,25,12,9,35,9.761678004535147,339.4,-1668.96,-6587.490000000001,-6248.45
1362785,0,0,4,0,0,0,0,0,12,1,0,4,1,15.904761904761905,4.92,337.9,-16.71999999999997,-11.800000000000027
1362791,1,41,29,0,0,0,1,6,13,25,11,19,47,16.172121678860222,49.35,1208.85,1482.1700000000003,1531.5200000000007
1362793,1,13,18,0,0,0,7,0,18,25,12,13,44,29.76408163265306,55.379999999999995,289.15000000000003,-3690.5299999999997,-3635.15
1362796,0,0,5,0,0,0,0,0,24,1,0,3,1,46.26839826839827,26.929999999999996,1342.4,383.94000000000005,410.87
1362797,2,7,0,0,0,0,0,0,0,1,12,0,0,17.142857142857142,15.28,-100.0,11.07000000000005,26.34999999999998
1362801,0,9,8,0,17,0,1,6,11,17,12,7,23,20.414502164502167,22.7,-35.73,-54.839999999999975,-32.86000000000007
1362804,3,32,14,0,0,0,2,0,15,31,12,11,50,26.235714285714284,114.27,1083.03,626.3899999999994,740.6599999999999
1362805,28,0,26,0,28,0,0,0,12,28,11,12,48,16.202906706949832,12.09,-53.09,-161.42000000000016,-149.3300000000001
1362806,10,45,25,0,25,0,0,1,12,17,12,17,44,14.348016129528734,95.14,1304.1799999999996,-170.58999999999946,-75.89999999999941
1362808,0,7,19,0,0,0,0,0,0,27,0,5,54,0.6547619047619048,0.0,564.6999999999998,-3951.58,-3951.58
1362809,0,0,18,0,0,0,7,1,23,18,6,6,38,63.80241187384044,92.82,1434.97,408.85000000000036,501.6699999999996
1362810,4,30,13,0,0,0,12,2,23,12,12,8,38,26.858270234465117,84.46000000000001,742.45,287.19000000000005,371.6500000000001
1362811,7,44,14,0,0,0,3,9,3,18,12,7,51,5.823829531812725,24.310000000000002,-721.46,-3216.15,-3192.2899999999995
1362814,1,10,16,0,17,0,1,3,3,28,4,9,26,7.63265306122449,39.31,-188.66999999999996,-664.4300000000001,-625.1199999999999
1362815,1,15,27,0,0,0,3,1,14,20,2,12,50,16.626380236305046,23.220000000000002,164.56000000000006,-3227.9300000000003,-3204.71
1362816,6,85,18,0,0,0,0,0,9,22,12,9,44,6.025170068027212,156.28,-2921.12,-6018.01,-5862.630000000001
1362817,1,21,25,0,17,0,2,5,12,24,12,10,36,24.31161154116819,135.32,-25.600000000000023,-189.0200000000001,-54.150000000000205
1362820,5,31,17,0,0,0,0,2,2,26,12,16,43,7.202191987906273,775.4100000000001,8953.88,-14159.95,-13384.54
1362821,0,0,5,0,0,0,12,1,12,2,7,2,19,36.256410256410255,57.6,994.79,-717.8000000000001,-662.0900000000001
1362822,0,19,36,0,0,0,1,9,13,38,1,25,41,8.287493527013929,7.67,1679.73,-2604.8599999999997,-2597.1899999999996
1362823,0,8,7,1,8,0,6,10,12,6,4,2,14,33.196515679442506,113.17999999999999,479.23,1734.0099999999998,1847.19
1362824,2,32,17,0,20,0,1,1,1,19,12,11,31,8.017368649587494,360.31,-955.78,8772.86,9133.170000000002
1362825,2,15,28,0,0,0,3,0,15,34,12,13,46,22.073979591836736,161.42,-642.97,-2625.12,-2463.7
1362826,0,0,5,0,0,0,0,0,12,2,0,1,4,14.521739130434783,2.46,425.08,284.04999999999995,286.50999999999993
1362827,0,0,36,0,0,0,1,1,13,26,0,22,55,7.037792894935752,22.799999999999997,323.56,-2829.13,-2806.33
1362828,2,16,0,0,0,0,0,0,0,0,12,0,0,11.655172413793103,124.36,-1000.0,-815.65,-692.1
1362829,4,23,21,0,21,0,2,6,17,19,9,9,37,20.733995219709506,173.18,3422.45,1666.9,1840.0800000000002
1362830,1,21,20,0,24,0,2,0,12,21,12,10,33,29.592791502565937,74.26,475.72,762.3200000000002,835.5899999999999
1362831,0,20,1,0,7,1,1,0,1,1,12,1,7,12.92013888888889,835.73,-5476.07,-2765.1400000000003,-1929.4099999999999
1362832,4,24,11,0,25,0,1,7,9,12,1,6,28,4.081632653061225,13.8,-8450.92,-9298.83,-9285.03
1362835,2,6,3,0,2,0,0,0,12,3,12,2,2,53.46363636363636,48.15,2328.0699999999997,196.19,243.17000000000002
1362836,2,22,28,0,22,0,2,1,10,33,12,17,36,15.67365491651206,134.62,16.910000000000082,-390.1,-255.4799999999999
1362837,1,10,14,0,0,0,11,3,23,22,5,9,42,27.787414965986393,61.47,-23.320000000000164,-3031.08,-2969.6099999999997
1362838,0,0,17,0,0,0,0,0,12,4,0,4,11,7.659574468085107,9.8,1013.94,724.57,734.37
1362839,6,76,30,0,0,0,1,1,13,25,12,15,64,11.816395091071143,273.1,-330.7899999999995,-10025.840000000002,-9752.74
1362843,0,0,27,0,0,0,1,2,13,15,0,12,53,15.95519077196096,7.32,4132.06,94.15999999999985,101.47999999999999
1362844,2,40,26,0,21,0,1,1,12,29,12,9,42,18.273919059149087,88.45,927.84,249.26000000000016,337.7099999999999
1362845,0,0,0,1,0,0,0,0,0,24,12,0,0,9.63888888888889,170.15,-20.0,3671.2299999999996,3840.0299999999997
1362848,0,0,4,0,0,0,0,0,12,4,0,2,2,14.521739130434783,152.74,4844.42,-572.77,-420.03000000000003
1362849,2,56,17,0,20,0,1,2,0,22,12,12,29,5.673189823874756,14.89,-511.71000000000004,371.71000000000015,386.6
1362850,0,9,4,0,0,0,12,0,24,5,12,5,14,53.7126559714795,61.7,1270.3,-1333.3,-1271.6
1362851,0,0,17,0,0,0,3,0,7,10,0,14,48,2.377551020408163,34.1,635.97,-6458.049999999999,-6423.95
1362852,0,13,13,0,30,3,0,0,3,7,12,9,34,15.550170068027212,264.53000000000003,-1670.24,-3637.68,-3373.15
1362853,2,17,21,0,0,0,1,1,21,25,3,11,43,23.832653061224487,87.61999999999999,1827.05,-2804.09,-2717.1
1362855,0,0,26,0,20,0,2,0,18,22,0,8,34,13.439455782312924,5.109999999999999,1231.9099999999999,856.7899999999998,861.9
1362857,6,34,14,0,23,0,2,15,12,19,12,7,35,22.42043236266839,67.97,-152.91,-924.9700000000004,-858.0800000000003
1362858,4,63,29,0,20,0,0,2,18,18,11,14,43,15.346230424627638,25.55,472.63,-1890.5000000000007,-1864.9500000000007
1362860,0,0,10,0,0,0,0,0,12,4,0,7,7,9.256410256410257,40.2,2100.68,-175.42999999999995,-135.23000000000005
1362864,0,0,8,0,13,0,4,0,12,14,0,5,19,33.766862170087975,2.64,655.97,322.36,325.0
1362868,0,38,13,0,23,0,3,0,6,14,12,9,33,8.638455382152861,55.190000000000005,-390.96000000000004,32.07000000000005,86.26999999999981
1362872,0,53,0,0,0,0,0,0,0,3,12,0,0,5.17910447761194,66.37,-1000.0,-707.59,-642.0299999999999
1362875,3,21,23,0,23,0,1,0,12,23,12,10,30,28.372642029784885,386.59999999999997,-1376.23,1152.9799999999998,1539.4899999999998
1362877,17,0,26,0,22,0,0,15,12,29,10,9,34,20.77879230960677,6.960000000000001,1165.67,808.2900000000002,815.2500000000002
1362879,0,0,6,0,0,0,0,0,12,0,0,1,3,15.904761904761905,7.62,856.61,523.92,531.54
1362880,0,0,15,0,0,0,0,8,12,5,0,6,5,7.22,3.94,551.31,315.18,319.12
1362881,5,52,19,0,21,4,3,0,14,24,12,9,32,20.821969081570167,11.59,-373.21999999999997,-545.6099999999999,-534.0199999999999
1362882,0,0,13,0,22,0,4,2,0,13,12,5,32,34.3969696969697,93.16,-28.830000000000002,1714.1,1807.26
1362883,29,0,6,0,0,0,0,0,12,25,5,4,3,16.75438596491228,39.05,-833.3199999999999,-1545.77,-1506.7199999999998
1362887,0,0,28,0,21,0,1,9,1,13,0,12,38,0.8890860692102929,0.12,5837.9400000000005,4712.93,4713.05
1362888,9,82,18,0,17,0,0,3,0,27,12,12,28,3.7182539682539684,441.34,-2194.99,5635.680000000001,6077.020000000001
1362891,0,0,3,0,0,0,0,0,12,3,0,2,2,15.904761904761905,38.2,1743.57,938.02,976.2199999999999
1362893,0,0,6,0,0,0,0,0,12,0,0,1,3,15.904761904761905,4.83,976.43,681.03,685.86
1362894,12,0,3,0,0,0,0,2,12,23,1,2,7,13.693602693602694,49.5,-1119.72,-2020.73,-1971.23
1362895,1,18,4,0,0,0,0,3,12,8,2,2,5,15.062678062678064,15.25,-1203.75,-1376.33,-1361.0800000000002
1362896,0,0,17,0,0,0,3,0,3,25,0,16,35,1.0918367346938775,2.3400000000000003,512.63,-5419.629999999999,-5417.29
1362897,0,0,14,0,23,0,0,0,0,21,0,10,31,0.2755102040816326,0.0,52.33,-99.79000000000002,-99.79000000000002
1362898,0,0,15,0,22,0,1,2,11,18,0,6,24,3.1020408163265305,4.51,248.12,-142.20999999999995,-137.69999999999996
1362899,0,0,0,0,0,0,0,0,12,0,0,0,0,30.363636363636363,53.84,1823.77,0.0,53.84
1362902,3,48,23,0,22,0,2,5,12,24,12,8,33,21.048534322820036,11.76,1320.83,1284.1299999999999,1295.89
1362903,0,20,7,0,0,0,0,1,12,1,12,0,6,24.20375,285.19,2260.17,396.1799999999999,680.92
1362904,2,32,16,0,21,0,6,1,12,24,12,5,28,41.66606797457861,78.83,-15.910000000000082,941.6599999999996,1020.3999999999996
1362905,0,7,14,0,0,0,11,9,23,21,12,9,36,36.96162484132409,184.85999999999999,-216.59000000000003,-2768.1499999999996,-2583.29
1362909,0,0,0,0,0,0,0,0,12,0,12,0,0,60.45454545454545,222.18,1095.2900000000002,3946.1299999999997,4169.030000000001
1362911,1,35,14,1,26,0,2,1,0,17,12,5,36,7.773061224489796,246.23,-4.369999999999997,1078.8,1325.0299999999997
1362912,3,17,13,0,25,0,0,0,0,21,12,10,34,10.428571428571429,224.67000000000002,-1487.3,-362.0799999999999,-137.4099999999998
1362917,3,22,14,0,22,0,1,0,0,22,0,11,30,1.543673469387755,0.0,-6754.55,-7202.23,-7202.23
1362918,3,21,17,0,25,0,0,0,13,26,12,3,45,23.444835198130153,126.39,-507.68,-843.32,-716.9300000000001
1362919,0,0,0,0,0,0,0,0,12,0,0,0,0,30.363636363636363,4.74,318.66,0.0,4.74
1362920,0,0,2,0,0,0,12,0,24,3,0,3,11,38.316017316017316,54.33,2035.42,-1451.83,-1397.5
1362921,0,9,8,0,9,0,10,0,10,10,12,6,16,23.05,73.33000000000001,-81.68,1924.33,1997.6599999999999
1362924,0,18,10,0,0,0,12,0,23,15,3,4,31,40.10716966027918,177.89,4287.76,-3611.79,-3433.9
1362925,2,31,10,0,0,0,0,0,12,8,12,4,5,17.924012158054712,97.19,1168.43,789.4900000000001,886.4999999999999
1362926,1,34,24,0,0,0,7,1,22,19,12,18,40,22.651223042408454,107.82,233.67000000000007,-3209.21,-3102.11
1362928,7,59,17,0,21,0,0,10,0,17,12,8,28,4.968354430379747,13.37,-592.3100000000001,220.56999999999974,233.93999999999986
1362929,2,25,19,0,17,0,3,0,18,23,6,12,43,17.761989795918367,191.0,-2643.52,-4914.37,-4723.37
1362930,0,0,4,0,0,0,0,0,12,1,3,2,3,47.785714285714285,28.21,800.42,1597.3400000000001,1625.55
1362931,0,0,17,0,0,0,2,7,1,19,0,15,38,0.7653061224489796,0.03,713.56,-4878.4,-4878.37
1362932,0,0,29,0,21,0,0,0,14,25,0,12,38,9.796964939822082,21.939999999999998,1024.67,-126.24999999999987,-104.30999999999989
1362933,1,28,19,0,26,0,3,0,12,15,12,5,40,26.48877551020408,90.99000000000001,-666.77,-290.14,-199.15000000000003
1362936,3,9,22,0,20,0,7,1,12,25,10,9,29,30.991805813234386,40.27,852.89,-285.59000000000015,-245.32000000000008
1362937,2,26,15,0,19,0,1,0,0,26,11,11,28,8.581632653061224,228.94,429.97,1797.9900000000002,2026.9300000000005
1362938,0,46,20,0,0,0,4,0,4,21,12,9,47,6.834467120181406,55.199999999999996,-19.090000000000032,-1299.2799999999997,-1244.4399999999998
1362939,4,52,26,0,23,0,1,0,19,20,12,12,39,15.635231015483116,104.92,412.1500000000001,5225.51,5330.43
1362940,1,13,8,0,0,0,0,0,12,0,8,2,4,30.217142857142857,10.55,737.62,636.4899999999999,646.7700000000001
1362941,0,0,25,0,22,0,0,6,1,19,0,18,35,1.967817896389325,1.25,881.68,408.84999999999997,410.09999999999997
1362945,3,24,23,0,19,0,5,10,9,14,12,10,30,19.866135118014817,55.230000000000004,1674.47,1171.7499999999998,1226.8899999999999
1362947,0,9,0,0,0,0,0,0,0,1,2,0,0,5.0,7.69,-1000.0,-1000.0,-992.3100000000001
1362948,2,32,17,0,0,0,3,0,3,26,12,10,41,8.975155279503106,74.61,-259.15999999999997,-2580.6099999999997,-2506.09
1362949,1,28,24,0,0,0,7,4,18,34,12,15,39,19.374893446322016,322.12,-2596.06,-3406.8199999999997,-3085.4199999999996
1362950,6,0,7,0,0,0,0,1,12,4,6,0,1,29.271428571428572,25.259999999999998,1541.6399999999999,701.0799999999999,725.8899999999999
1362952,2,26,9,0,13,0,5,2,3,12,12,6,22,43.33357558139535,107.34,131.48000000000002,1659.9099999999999,1766.44
1362954,3,28,16,0,0,0,0,0,11,23,8,11,43,9.213099193165638,76.16,-1150.2299999999998,-6504.78,-6428.62
1362955,0,0,5,0,0,0,0,5,12,3,0,1,3,11.928571428571429,7.41,626.98,458.0800000000001,465.4900000000001
1362959,0,19,14,1,28,0,0,0,0,21,12,9,33,9.21014892443464,582.88,6354.24,6750.83,7333.709999999999
1362960,1,24,8,0,0,0,0,0,12,5,12,3,8,19.693910256410255,1139.22,-2326.7299999999996,-2699.05,-1559.8300000000004
1362961,0,41,17,0,0,0,0,0,0,30,12,16,38,6.868102796674226,6.66,-985.29,-2655.1499999999996,-2648.49
1362962,4,50,15,0,18,0,2,2,0,26,11,11,30,5.693286010056196,0.63,-300.25,-561.4699999999998,-560.8399999999997
1362963,0,0,12,0,26,0,2,6,2,11,0,6,34,0.7653061224489796,0.27,127.65,-198.6,-198.33
1362964,2,18,15,0,15,0,1,6,17,18,8,14,23,41.81928900592495,89.42,-271.30000000000007,-2560.5699999999997,-2471.15
1362966,3,56,17,0,26,0,1,0,14,24,12,9,39,19.35436806301468,145.07999999999998,-1398.82,-776.53,-631.4500000000005
1362967,0,0,15,0,28,0,0,0,0,14,0,4,38,0.8469387755102041,0.0,271.49,101.06999999999991,101.06999999999991
1362968,0,0,19,0,29,0,2,0,12,14,0,8,40,15.283163265306122,16.8,712.88,-292.8,-276.0000000000001
1362969,3,30,10,0,0,0,0,10,12,9,12,4,7,14.547429078014183,379.79,1992.7399999999998,3427.25,3805.69
1362970,0,0,7,0,7,0,6,0,23,6,0,3,9,37.65530303030303,8.11,833.8900000000001,140.13,148.24000000000004
1362971,2,18,12,0,22,0,0,0,9,18,9,10,29,11.830752990851511,182.29,-1414.6,-4814.54,-4632.25
1362972,0,10,3,0,0,0,0,2,12,6,12,1,2,29.217391304347828,238.15,-30.379999999999995,1308.0899999999997,1545.3399999999997
1362973,5,31,21,0,0,0,4,0,16,26,10,14,46,21.698979591836736,66.02000000000001,2733.77,-2383.81,-2317.9700000000003
1362974,1,12,7,0,9,0,4,6,9,6,12,3,13,19.512727272727272,31.83,681.66,1096.56,1128.39
1362975,0,19,15,0,24,2,1,0,0,17,12,9,26,12.28494623655914,53.8,-175.07,55.469999999999885,108.09999999999982
1362976,0,0,4,0,0,0,0,0,12,4,0,2,7,12.821428571428571,5.35,137.99,-70.55999999999997,-65.21
1362978,7,86,29,0,0,0,1,1,13,37,12,18,47,12.942014227728514,38.519999999999996,-1795.92,-6240.669999999999,-6202.149999999999
1362979,0,0,16,0,19,0,0,1,0,25,0,10,28,0.2755102040816326,0.0,230.79,37.86999999999995,37.86999999999995
1362980,3,39,30,0,0,0,2,4,13,32,11,13,46,15.937225398141841,5.209999999999999,360.49,-2990.9399999999996,-2985.73
1362981,0,0,14,0,19,0,0,13,0,18,0,7,28,0.08163265306122448,0.0,43.07,81.62000000000006,81.62000000000006
1362982,0,0,13,0,0,0,0,0,12,1,0,4,10,8.76923076923077,34.84,3313.65,1112.01,1146.85
1362985,5,45,23,0,21,0,0,1,12,27,7,17,36,13.448909218859958,30.64,1014.19,-854.3700000000001,-823.7300000000002
1362986,0,12,10,0,0,0,0,0,24,6,9,4,16,38.61459627329192,124.57000000000001,3193.2699999999995,-3948.35,-3823.78
1362990,4,55,30,0,0,0,0,20,11,25,12,16,51,12.74497862386061,76.61,310.1700000000001,-1923.1600000000003,-1846.5500000000002
1362991,8,38,18,0,25,0,2,0,12,28,12,11,33,23.309819580005914,41.7,-896.56,-587.3,-545.9599999999998
1362992,0,0,9,0,14,0,0,18,5,22,0,8,23,1.469387755102041,1.7000000000000002,5.85,-268.08000000000004,-266.3800000000001
1362993,0,0,26,0,0,0,4,1,18,29,0,14,45,10.833149476006618,25.71,3663.1499999999996,745.6600000000003,771.3700000000003
1362995,2,21,32,1,28,0,0,0,12,26,12,19,40,15.721224489795919,365.45000000000005,4964.4,5740.46,6105.91
1362997,16,0,6,0,11,0,8,13,19,15,10,2,14,45.87572427572428,14.87,4.0,324.78999999999996,339.65999999999997
1362998,0,0,7,0,11,0,8,0,9,4,0,3,15,6.089285714285714,2.47,4.38,-296.87,-294.4
1362999,10,60,15,0,0,0,4,2,2,22,12,12,44,5.694492254733218,153.07000000000002,-716.23,-3101.9,-2948.8300000000004
1363002,11,125,16,0,24,0,0,0,0,22,12,10,34,2.833951762523191,263.13,-1546.57,-110.51999999999964,152.2499999999999
1363003,0,0,20,0,20,0,1,3,0,14,0,11,30,0.6632653061224489,0.0,177.41,24.02999999999986,24.02999999999986
1363004,4,21,6,0,10,0,4,0,22,13,11,3,11,46.772222222222226,13.69,308.49,-134.8599999999999,-121.1699999999999
1363006,2,22,13,0,0,0,11,2,23,18,4,8,36,39.083591012162444,32.36,-485.3800000000001,-3508.88,-3476.5199999999995
1363008,0,20,9,1,0,0,5,1,24,16,9,8,32,43.7043771043771,396.68999999999994,9355.0,-3052.2500000000005,-2656.3700000000003
1363009,0,0,10,0,0,0,0,1,12,3,0,3,16,7.590909090909091,150.43,9253.73,-3589.53,-3439.1
1363010,5,25,25,0,28,0,2,1,12,15,12,6,34,26.75692137320044,43.56,1809.5100000000002,1450.6599999999999,1493.8600000000001
1363011,22,0,20,1,0,0,2,1,16,42,12,15,63,17.36579435601992,324.05999999999995,2982.76,-7785.43,-7461.370000000001
1363012,0,0,13,0,23,0,4,4,18,18,0,6,25,33.067717996289424,13.96,487.35999999999996,-1116.8200000000002,-1102.8600000000001
1363013,6,63,12,0,26,0,1,0,4,27,12,6,33,5.34625850340136,81.31,-985.46,-424.38000000000005,-343.60999999999996
1363014,0,0,0,0,0,0,0,0,12,0,0,0,0,30.363636363636363,2.63,174.61,0.0,2.63
1363015,0,0,13,0,22,0,4,1,12,22,0,7,30,32.90445269016698,5.76,594.0,-70.4900000000001,-64.73000000000009
1363016,4,52,0,0,0,0,0,0,0,1,12,0,0,5.3088235294117645,90.29,-1223.77,-4.000000000000284,85.65999999999957
1363017,4,46,20,0,0,0,2,2,12,26,10,8,56,17.677991813836336,77.71000000000001,2048.5,-2690.7,-2613.53
1363018,4,36,24,0,28,0,0,0,12,23,12,14,48,14.322172064329546,546.73,8349.7,-2408.1099999999997,-1861.3799999999997
1363022,2,21,4,0,3,0,0,0,12,4,10,1,4,62.443722943722946,42.22,720.2600000000001,267.9300000000002,310.1500000000001
1363025,0,0,13,0,0,0,0,0,2,5,0,3,3,2.36,11.76,3136.9,2413.96,2425.7200000000003
1363026,4,39,23,0,19,0,0,1,1,23,12,11,28,6.211441953830713,276.48,291.69000000000005,887.0699999999995,1163.1
1363029,0,0,4,0,0,0,0,0,12,3,0,2,3,15.304347826086957,2.19,304.93,58.48999999999998,60.679999999999986
1363031,0,0,16,0,22,0,0,0,1,20,0,12,28,0.32653061224489793,2.67,1938.99,1307.29,1309.9599999999998
1363035,0,0,14,0,28,0,1,0,12,16,0,6,34,31.34322820037106,22.34,1009.9300000000001,95.71000000000001,118.05000000000001
1363036,6,32,14,0,0,0,1,1,7,15,8,9,56,7.224489795918368,67.12,-1138.64,-4487.88,-4421.12
1363037,2,7,29,0,0,0,2,1,14,16,1,16,46,18.03628117913832,23.06,1247.6399999999999,-1676.9499999999998,-1653.8899999999996
1363038,1,15,20,0,15,0,3,0,12,37,4,16,33,17.669975598935224,70.68,-832.71,-1695.2299999999998,-1625.18
1363040,0,11,3,0,0,0,0,0,12,5,6,2,5,23.654117647058825,87.58000000000001,-1744.92,-2326.26,-2238.68
1363043,6,43,33,0,0,0,1,2,13,24,12,12,55,15.896389324960754,99.35,1080.76,-3421.67,-3322.68
1363044,4,30,0,0,0,0,0,0,0,2,11,0,0,7.804347826086956,2.12,-523.08,-372.77999999999975,-370.65999999999985
1363046,0,0,20,0,0,0,2,1,16,16,0,12,53,18.159183673469386,18.66,1081.6,-3248.06,-3229.4
1363047,0,0,3,0,0,0,0,0,8,3,0,2,2,12.470588235294118,2.09,417.0,273.40999999999997,275.50000000000006
1363048,0,0,14,0,27,0,0,2,0,15,0,7,34,0.8673469387755102,0.0,274.93,-128.5699999999998,-128.5699999999998
1363053,0,11,0,0,0,0,0,0,0,1,6,0,0,15.235294117647058,0.0,-918.09,-918.09,-918.09
1363054,4,38,16,0,0,0,4,4,4,20,12,9,45,7.8392857142857135,50.22,-866.63,-2733.7900000000004,-2684.29
1363056,0,23,0,0,0,0,0,0,0,1,10,0,0,10.909090909090908,4.27,-821.42,-517.95,-513.6800000000001
1363057,2,38,7,0,0,0,0,0,12,4,12,2,8,18.30691823899371,106.18,446.6,-880.02,-775.0100000000001
1363058,0,0,14,0,0,0,3,15,3,15,0,11,38,0.9591836734693877,0.98,182.02,-2624.62,-2623.64
1363059,2,18,14,0,0,0,8,2,8,19,8,10,40,10.754046446164672,100.33,-1175.59,-4658.58,-4558.25
1363060,0,15,22,0,0,0,3,9,17,21,12,6,43,31.218934240362813,390.88,-380.2199999999998,-5964.98,-5574.099999999999
1363064,0,0,6,0,0,0,0,1,12,4,0,2,7,10.774193548387096,8.92,1103.03,873.14,882.06
1363066,0,0,8,0,20,2,2,0,0,14,0,2,22,0.9420289855072463,0.0,121.96,-299.17999999999995,-299.17999999999995
1363067,0,0,10,0,24,0,5,3,12,21,0,8,28,33.08812615955473,4.32,288.33,-238.1800000000001,-233.8600000000001
1363068,2,31,0,1,0,0,0,0,0,1,11,0,0,6.733333333333333,264.21999999999997,-20.0,2123.1499999999996,2386.5599999999995
1363070,3,24,2,0,4,0,4,0,12,4,12,1,5,57.23970473970474,50.95,378.03,-287.92,-237.68999999999997
1363071,7,25,20,0,0,0,8,0,13,23,7,13,54,14.66879631995911,55.35,960.77,-3831.7900000000004,-3776.44
1363073,0,0,17,0,0,0,1,4,1,24,0,20,32,0.46938775510204084,0.22,313.51,-2678.55,-2678.33
1363075,0,42,0,0,0,0,0,0,0,1,12,0,0,6.5,28.41,-397.19,-353.2400000000001,-325.4599999999999
1363076,0,26,13,0,19,0,1,3,11,16,12,8,30,12.454735740450026,167.67,-703.26,5207.9400000000005,5375.61
1363078,6,30,20,0,21,0,3,0,10,26,12,14,33,22.662857142857142,80.96,-330.8599999999999,1568.9600000000003,1649.92
1363080,0,0,5,0,0,0,0,0,12,2,0,1,1,16.7,7.33,691.59,363.1,370.43
1363081,1,10,7,0,12,0,3,3,12,11,7,1,19,34.54210526315789,185.07999999999998,1189.03,2122.3100000000004,2307.39
1363082,0,19,10,0,0,0,9,2,12,16,12,9,36,15.672043010752688,58.14,-593.47,-4840.139999999999,-4782.0
1363083,1,32,25,0,22,0,3,2,12,27,9,9,32,19.451320993513683,233.81,7681.509999999998,1380.12,1613.93
1363084,0,13,17,0,0,0,2,1,8,21,3,9,41,6.993197278911564,57.39,209.08999999999992,-4300.77,-4243.38
1363086,1,17,4,0,0,0,0,2,12,3,12,0,3,28.254545454545454,78.58,1166.05,3263.3700000000003,3341.6800000000003
1363087,0,19,15,0,27,0,2,0,0,16,12,5,35,12.280447662936144,98.64,-969.14,-1198.5300000000002,-1100.25
1363088,3,37,21,0,25,0,3,0,12,30,11,8,36,19.076891605698883,12.92,1455.71,1024.5100000000002,1037.4300000000003
1363090,0,0,3,0,7,0,4,1,23,4,0,0,9,39.15311004784689,5.78,158.73,-307.90000000000003,-302.12000000000006
1363091,0,0,0,0,0,0,0,0,12,0,0,0,0,30.363636363636363,34.8,2338.68,0.0,34.8
1363092,0,0,22,0,24,0,1,0,12,18,0,12,38,13.26832955404384,3.04,435.49,3.4899999999999523,6.529999999999916
1363093,2,16,24,0,24,0,2,0,9,17,12,16,37,22.349377026796382,124.41000000000001,165.47000000000003,31.290000000000077,155.70000000000005
1363095,0,0,17,0,17,0,0,2,12,19,0,8,34,13.72269705603039,26.45,1056.0700000000002,-2254.9700000000003,-2228.5200000000004
1363096,0,0,0,0,0,0,0,0,0,0,5,0,0,30.5,6.85,0.0,388.35,395.46999999999997
1363097,3,38,14,0,20,0,2,13,12,18,12,7,31,28.651280323450134,61.489999999999995,-1063.51,-596.1899999999998,-535.24
1363098,0,0,14,0,0,0,5,0,5,17,0,9,49,1.4591836734693877,15.0,17.71,-2871.86,-2856.86
1363100,0,0,16,0,0,0,4,10,4,15,0,12,38,1.2448979591836735,6.49,39.16,-2521.32,-2514.83
1363101,4,34,0,0,0,0,0,4,12,1,6,0,0,26.584848484848486,122.15,3961.2599999999998,-2057.32,-1935.8900000000003
1363102,0,9,0,0,0,0,0,0,0,7,1,0,0,1.625,0.0,-1000.0,-1000.0,-1000.0
1363103,2,20,15,1,19,0,0,1,2,21,7,14,30,6.635841836734694,158.51999999999998,-453.00999999999993,919.9399999999999,1078.46
1363107,0,12,3,0,6,1,1,0,0,6,10,4,7,17.444444444444443,5.54,-32.830000000000005,161.1199999999999,166.65999999999997
1363108,21,0,3,0,0,0,0,5,12,12,12,1,5,83.22923588039868,41.64,170.24,823.18,864.6400000000001
1363109,0,0,8,0,26,0,1,2,1,17,0,12,32,0.8367346938775511,1.17,82.7,-2238.4,-2237.23
1363112,0,0,19,0,0,0,7,12,5,16,9,10,30,32.4030612244898,38.22,1085.16,-827.21,-788.99
1363113,0,14,0,0,0,0,0,0,12,0,3,0,0,37.11363636363636,41.7,581.38,-660.3999999999999,-618.6999999999998
1363117,3,33,8,0,16,0,4,0,12,8,12,2,21,43.95754685519909,120.03,-815.4399999999999,4.28000000000003,123.50000000000011
1363121,0,0,0,0,0,0,0,0,12,0,0,0,0,30.363636363636363,1.7999999999999998,122.74,0.0,1.7999999999999998
1363123,2,16,14,0,0,0,1,0,3,26,12,12,45,12.08788676761027,424.85,-2103.26,-7967.91,-7543.06
1363126,2,25,26,0,0,0,1,3,19,30,10,16,40,20.534397630019747,272.82,2780.87,-6356.45,-6083.63
1363127,0,9,0,0,0,0,0,0,12,0,5,0,0,57.90209790209791,13.43,-181.78000000000003,519.8899999999999,533.3199999999999
1363128,1,17,4,0,0,0,0,1,24,4,8,2,10,51.706068125422966,92.06,5494.35,-918.44,-826.3800000000001
1363129,1,13,10,0,0,0,10,1,10,28,8,10,30,14.615646258503402,42.0,-303.66,-2926.51,-2885.23
1363130,4,55,24,0,21,0,2,1,14,28,12,14,32,16.47221625492302,17.009999999999998,119.04,781.45,798.4599999999999
1363133,0,0,6,0,0,0,11,0,23,5,1,3,14,25.7,56.940000000000005,2150.87,859.7900000000001,916.7300000000001
1363134,0,0,2,0,5,0,4,0,0,5,0,0,6,15.857142857142858,0.0,0.0,-163.08,-163.08
1363135,2,15,0,0,0,0,0,0,5,2,12,0,0,41.7,78.34,293.05,2892.2,2969.91
1363138,3,33,17,0,17,0,3,6,12,27,12,11,31,26.730884353741494,76.31,394.89,95.70000000000005,170.6600000000002
1363140,3,14,11,0,13,0,8,0,17,14,12,6,20,31.85333333333333,126.39,-103.54999999999995,-141.09000000000015,-15.330000000000155
1363141,0,0,25,0,28,0,1,0,12,21,0,4,39,12.824489795918367,2.89,1156.25,768.72,771.6100000000001
1363142,3,37,17,0,24,0,1,0,12,18,9,8,34,37.53750591145549,72.78,-1537.85,-2514.5000000000005,-2441.7200000000003
1363145,0,0,22,0,21,0,1,0,4,21,0,14,29,8.018707482993198,1.2200000000000002,613.01,315.6099999999999,316.8299999999999
1363146,0,0,0,0,0,0,0,0,0,0,1,0,0,0.0,32.23,0.0,2782.38,2814.61
1363147,0,35,23,0,24,0,2,1,12,26,12,12,36,18.7741641337386,29.66,1281.3200000000002,-983.7600000000002,-954.5500000000003
1363150,0,0,16,0,0,0,0,1,12,5,0,4,11,7.354166666666667,5.470000000000001,369.76,130.46000000000004,135.92999999999992
1363154,0,0,15,0,21,0,2,0,0,23,0,11,27,0.9591836734693877,0.0,20.3,-109.84999999999988,-109.84999999999988
1363157,0,0,12,0,0,0,0,2,11,21,0,15,38,3.336734693877551,134.89,182.89,-9766.69,-9631.8
1363158,0,0,10,0,0,0,12,0,24,4,12,5,12,54.04112554112554,95.28,2875.51,-246.4899999999998,-151.9299999999999
1363159,0,0,6,1,11,0,6,5,12,7,4,5,16,33.884328358208954,16.1,25.799999999999997,634.5299999999997,650.9899999999998
1363160,6,46,11,0,0,0,0,8,12,9,12,6,6,12.802794537948555,12.51,-164.14999999999998,377.02000000000004,389.5300000000001
1363161,0,0,13,0,0,0,3,0,3,19,0,14,47,0.7755102040816326,6.37,39.09,-2622.63,-2616.26
1363164,5,61,21,0,30,0,0,0,12,21,12,7,49,14.710443436633913,69.91,-629.8199999999999,-639.6099999999997,-569.6999999999999
1363165,24,0,16,0,24,0,2,0,12,47,12,13,36,23.547406462585034,33.89,-156.76,-2535.8,-2502.54
1363167,0,0,19,0,0,0,3,2,18,25,0,19,44,14.05578231292517,54.190000000000005,1365.01,-5433.36,-5379.169999999999
1363168,0,0,22,0,0,0,3,0,16,13,0,13,57,15.355442176870747,26.07,2441.0499999999997,-11275.29,-11249.22
1363169,0,0,6,0,7,8,3,2,12,8,1,3,10,37.40711462450593,22.580000000000002,153.82,1560.57,1582.8799999999999
1363170,6,35,16,0,0,0,9,2,6,23,12,8,37,9.408163265306122,57.64,-574.73,-2273.88,-2216.24
1363171,1,21,20,0,0,0,1,0,1,20,12,17,45,9.43984962406015,270.73,-1782.32,-5409.59,-5139.219999999999
1363173,2,23,18,0,26,0,1,2,11,15,12,12,38,24.30750915750916,208.6,-740.44,-1679.06,-1470.46
1363175,13,61,20,0,17,0,1,1,1,26,12,13,22,4.71064977715224,21.84,-1134.94,703.55,725.39
1363176,0,0,2,0,0,0,0,5,12,1,0,1,5,13.8,5.11,128.07,-52.329999999999956,-47.21999999999997
1363178,0,0,12,0,26,0,1,1,2,15,0,9,33,0.6326530612244898,0.56,97.61,-334.55000000000024,-333.9900000000002
1363179,0,0,13,0,0,0,8,0,5,28,0,8,37,2.7448979591836733,3.44,36.7,-2575.51,-2572.07
1363180,0,0,10,0,0,0,0,0,12,10,0,3,5,8.564102564102564,19.44,405.61,-380.31999999999994,-360.8799999999999
1363182,0,37,4,0,0,0,0,0,12,10,8,3,4,18.24235294117647,378.05,-4346.3099999999995,-7572.0199999999995,-7193.969999999999
1363183,0,0,16,0,0,0,2,1,2,18,0,13,47,0.6020408163265306,2.62,339.72,-5883.9400000000005,-5881.320000000001
1363184,2,20,2,0,6,0,3,1,0,4,2,3,6,6.315217391304348,1.4,-925.13,-1248.83,-1247.79
1363185,0,12,14,0,0,0,3,0,2,23,3,12,48,5.546818727490996,11.06,-132.15999999999997,-2847.9399999999996,-2836.8799999999997
1363187,1,17,13,0,15,6,4,9,12,17,12,11,24,44.07369969931546,321.78000000000003,-1941.3600000000001,-1147.25,-825.9200000000001
1363191,0,0,8,0,13,9,6,0,0,14,0,7,16,4.319444444444445,0.0,343.52,48.56999999999997,48.56999999999997
1363192,3,16,13,0,21,0,0,1,0,30,12,10,28,10.789915966386554,132.86,-957.15,-1933.6800000000003,-1800.8200000000002
1363193,3,22,16,0,0,0,0,1,24,13,12,5,24,30.92109250398724,134.64999999999998,3200.5,178.7600000000001,313.41
1363194,0,7,4,0,0,0,0,0,3,5,7,2,2,19.4375,86.46,373.52,3238.08,3324.54
1363195,1,13,22,0,26,0,0,0,12,26,1,6,33,19.060090702947846,6.34,343.92999999999995,-90.21000000000004,-83.87
1363196,15,59,15,0,21,0,0,12,0,26,12,7,29,3.766369047619048,87.74,-1373.33,-314.53000000000026,-226.79000000000036
1363197,0,35,17,0,0,0,11,0,21,22,12,9,43,27.39387755102041,33.34,-139.79999999999995,-2814.85,-2781.51
1363199,1,8,10,0,0,0,10,2,22,6,12,4,8,43.3,85.72999999999999,1372.35,816.2500000000002,900.54
1363200,26,0,25,0,0,0,6,0,18,34,9,16,43,19.25489500147885,36.67,2057.66,-879.5200000000001,-843.03
1363201,1,11,8,0,2,0,0,1,12,9,1,6,6,30.30681818181818,0.91,-148.30000000000007,-1443.8899999999999,-1442.98
1363203,0,0,25,0,20,0,1,1,15,18,0,13,46,9.61512297226583,74.57000000000001,4214.09,401.00999999999976,475.58000000000004
1363204,0,25,0,0,0,0,0,0,0,5,4,0,0,4.03030303030303,25.46,-1200.0,-1200.0,-1175.35
1363205,0,11,9,0,0,0,1,0,12,5,12,5,12,30.908333333333335,98.5,1952.15,2055.8199999999997,2154.1400000000003
1363206,0,26,0,0,0,0,0,0,0,2,1,0,0,1.5357142857142858,0.0,-5246.67,-5490.45,-5490.45
1363207,0,64,0,0,0,0,0,0,0,3,12,0,0,4.551282051282051,69.44,-777.0,109.66999999999999,179.10999999999993
1363208,0,0,29,0,27,0,0,0,12,16,0,15,40,8.819204604918891,9.55,1304.29,893.0500000000001,902.6000000000001
1363209,0,17,26,0,25,8,5,0,7,25,12,8,30,20.85752551020408,256.88,300.1100000000001,1083.91,1340.79
1363210,0,29,12,0,20,0,2,1,19,24,10,13,33,25.75219844035175,60.690000000000005,-715.74,-2885.2599999999998,-2824.57
1363211,0,20,0,1,0,0,0,0,0,1,12,0,0,10.606060606060606,191.8,-112.99,1611.9400000000003,1803.1999999999998
1363212,0,26,16,0,22,0,2,8,2,14,12,9,29,9.611734693877551,325.39000000000004,-2983.1,-1299.3700000000001,-974.0700000000002
1363213,3,27,0,0,0,0,0,0,12,0,8,0,0,37.63390663390663,69.30000000000001,-756.3899999999999,-1046.11,-976.8099999999998
1363214,0,0,17,0,0,0,0,0,0,21,0,13,48,0.29591836734693877,0.0,30.72,-4109.4,-4109.4
1363215,2,23,8,0,0,0,0,0,24,10,12,0,13,36.356923076923074,501.09999999999997,5245.59,5613.74,6113.580000000001
1363216,3,19,25,0,29,0,0,0,12,27,12,12,43,17.349816849816847,144.52,-368.75,-1864.3700000000001,-1720.21
1363217,0,64,10,0,0,0,5,0,4,26,12,12,44,6.267161410018552,101.42999999999999,-833.63,-2922.42,-2821.35
1363218,0,61,20,0,0,0,4,1,4,20,12,10,43,5.6243537414965985,91.47999999999999,-755.75,-2911.45,-2820.15
1363219,6,45,19,0,0,0,2,1,2,17,12,12,48,6.487563775510204,48.66,-973.08,-5074.889999999999,-5026.86
1363222,3,41,16,0,27,0,0,0,0,18,12,7,34,6.051020408163265,1.51,-780.51,-242.6400000000001,-241.1300000000001
1363223,2,25,18,0,0,0,3,0,14,22,12,11,53,26.31041339612768,95.69999999999999,4024.41,-3013.9500000000003,-2918.43
1363227,1,24,23,0,0,0,11,4,11,14,8,5,34,10.653061224489797,37.43,2754.23,195.37,232.79999999999995
1363228,0,0,20,0,25,0,3,0,12,13,0,12,38,15.501330967169476,11.6,1745.15,1067.5000000000002,1079.1000000000001
1363229,0,41,3,0,0,0,0,6,12,11,12,0,2,18.880052151238594,68.15,-607.0500000000001,-176.22999999999988,-108.43999999999988
1363230,0,0,16,0,0,0,7,0,6,25,0,10,35,1.8673469387755102,16.39,319.3,-2085.5299999999997,-2069.14
1363232,0,22,0,0,0,0,0,0,0,2,4,0,0,3.8518518518518516,18.909999999999997,-1000.0,-1000.0,-981.0899999999999
1363233,0,0,19,0,0,0,3,4,13,23,0,14,40,9.49234693877551,51.339999999999996,668.75,-5259.4400000000005,-5208.1
1363234,2,32,18,0,19,0,2,0,14,27,1,14,36,17.12737247603177,5.6,-2050.42,-2565.36,-2559.76
1363235,0,0,14,0,22,0,0,2,2,18,0,9,32,0.7448979591836735,1.59,1067.57,-1821.87,-1820.28
1363236,8,85,37,0,0,0,1,1,13,34,12,19,53,10.594940773512203,126.16,-434.8399999999999,2213.1399999999994,2339.3
1363237,0,0,13,0,0,0,7,1,20,21,1,14,35,33.965677179962896,119.91,892.13,1198.8700000000008,1318.7799999999997
1363238,0,0,0,0,0,0,0,0,12,0,0,0,0,30.363636363636363,2.88,192.39,0.0,2.88
1363241,3,51,27,0,21,0,0,11,12,20,12,15,44,13.134871339840284,60.349999999999994,315.4699999999998,-158.5,-98.59999999999991
1363242,0,0,13,0,30,3,1,0,0,13,0,6,33,0.9489795918367347,0.0,936.51,616.8499999999999,616.8499999999999
1363243,3,38,18,0,0,0,2,1,9,33,12,15,40,20.334845049130763,23.4,1502.29,-535.43,-512.0299999999997
1363247,4,42,26,0,27,0,1,1,12,17,12,9,50,15.661290322580644,232.4,-2201.71,-2614.19,-2381.79
1363249,53,0,17,0,24,0,0,1,0,84,12,4,35,2.9937205651491365,386.15,-204.9300000000003,1460.8999999999999,1847.0499999999997
1363250,0,0,11,0,33,0,0,0,0,13,0,7,35,0.17346938775510204,0.0,257.63,-400.1900000000001,-400.1900000000001
1363251,0,0,31,0,0,0,8,0,19,22,0,14,45,10.982469911041338,162.35,5516.38,-2160.05,-1997.7
1363252,1,18,17,0,21,0,4,0,16,15,12,11,28,43.50781016218804,148.94,-785.8299999999999,-417.94000000000005,-269.0
1363253,3,34,21,0,0,0,9,8,20,19,12,12,38,23.02996382499488,129.43,892.51,-3735.77,-3606.6099999999997
1363254,0,37,13,0,27,2,2,0,7,18,12,7,28,37.37235228539576,32.22,2725.8199999999997,1427.4899999999998,1459.71
1363255,0,0,13,0,24,0,1,1,5,13,0,7,35,1.2959183673469388,1.4300000000000002,20.46,-243.04000000000013,-241.6100000000001
1363257,24,0,12,0,0,0,0,12,12,37,10,3,9,11.866310160427808,140.52,-1065.5699999999997,-1353.3799999999999,-1212.86
1363258,0,0,9,0,10,3,1,3,12,21,0,7,14,15.098039215686274,24.95,857.8199999999999,-113.81000000000004,-88.86000000000003
1363259,4,36,0,0,0,0,0,0,0,3,12,0,0,6.592592592592593,5.36,-334.29,46.3199999999999,51.679999999999914
1363261,3,36,28,0,0,0,2,0,10,21,12,13,62,14.754501800720288,44.4,896.58,-3840.75,-3797.25
1363262,0,0,22,0,21,0,0,8,12,25,0,10,34,10.884566326530612,103.15,6067.700000000001,3812.17,3915.3199999999993
1363263,5,60,0,0,0,0,0,0,0,2,9,0,0,3.64,0.0,-1218.94,-1218.9399999999998,-1218.9399999999998
1363264,3,75,23,0,27,0,0,0,12,29,12,15,37,13.300585742982056,11.120000000000001,-598.8299999999999,-2860.81,-2849.69
1363265,3,39,22,0,0,0,0,4,23,20,7,13,41,22.855287569573285,53.6,1572.5900000000001,-1943.8599999999997,-1890.2599999999998
1363266,17,0,13,0,0,0,10,14,10,47,1,8,30,8.871020408163265,34.77,-942.0,-3847.4500000000003,-3812.6800000000003
1363267,22,0,18,0,25,0,1,6,13,36,10,5,37,21.37372448979592,44.16,1038.62,-902.8300000000003,-858.6699999999998
1363268,0,15,17,0,26,0,0,2,12,24,12,10,35,26.13891156462585,287.58,-525.51,650.1800000000001,934.1600000000002
1363270,0,0,29,0,22,0,0,0,12,25,0,15,43,7.556787932564331,16.24,395.71000000000004,-384.28999999999996,-368.04999999999995
1363271,2,30,28,0,0,0,2,19,14,11,12,13,45,19.615715472235408,63.980000000000004,375.18000000000006,-772.6699999999998,-708.6899999999996
1363272,27,0,25,0,21,0,0,0,21,41,4,12,35,14.222044001547106,19.57,-169.88,-658.29,-638.72
1363275,4,42,11,0,22,0,0,8,0,20,12,10,30,6.25544794188862,69.64,-758.6400000000001,-579.5300000000001,-509.8900000000001
1363276,0,0,12,0,0,0,0,0,12,5,0,3,12,7.767441860465116,38.56,2037.38,1189.61,1228.1699999999998
1363280,5,51,31,0,17,0,2,1,15,21,12,12,38,16.21307305530908,23.840000000000003,976.8199999999999,886.8399999999999,910.6800000000003
1363282,3,21,14,0,12,0,5,9,0,15,12,11,25,14.165079365079364,36.66,-188.51,-275.98999999999995,-239.77999999999997
1363283,3,17,17,0,18,0,2,15,9,21,8,7,30,25.336734693877553,90.03,-1078.72,-1367.7,-1279.1100000000001
1363284,5,22,19,0,28,0,1,0,12,22,9,8,41,22.74829931972789,38.14,841.09,-226.47999999999996,-188.34000000000032
1363286,0,0,18,0,0,0,5,0,5,26,0,12,44,9.595918367346938,2.83,1341.09,-1303.83,-1301.0
1363287,2,15,0,0,0,0,0,0,0,3,12,0,0,11.290322580645162,142.61,-991.56,-272.52,-130.09
1363288,6,29,19,0,22,0,1,1,15,20,12,11,42,20.851411202778984,254.17,-342.5200000000002,-180.77999999999955,71.95000000000036
1363290,0,0,11,0,0,0,0,1,12,3,0,1,4,10.774193548387096,36.14,2594.47,328.94,365.08
1363291,2,45,21,0,0,0,1,11,22,21,6,14,41,19.798071780436313,109.83,-3839.3500000000004,-8530.080000000002,-8420.25
1363294,1,17,0,0,0,0,0,0,12,1,0,0,0,30.641414141414142,22.55,-2394.1000000000004,-3157.9,-3135.35
1363295,0,18,11,0,8,5,3,0,12,19,12,4,19,32.095215832943744,157.28,-709.17,-134.36,22.919999999999973
1363296,6,75,27,0,0,0,2,0,14,34,12,12,46,16.151476260607335,95.24000000000001,1505.2200000000003,-2802.51,-2707.54
1363297,4,26,16,0,18,0,2,12,1,20,12,8,24,8.788561936402468,11.58,-27.82999999999999,449.14000000000016,460.72
1363298,0,0,13,0,0,0,1,0,0,19,0,11,55,0.3469387755102041,0.0,170.04,-7290.19,-7290.19
1363301,0,0,27,0,0,0,0,1,20,24,0,10,50,12.90688775510204,67.07000000000001,1102.02,-5269.500000000001,-5202.43
1363302,0,7,14,0,17,0,0,17,4,14,4,4,29,12.66530612244898,131.8,4023.58,230.3900000000001,362.19000000000005
1363303,5,44,14,0,0,0,4,7,3,23,8,9,43,5.002721088435374,7.95,-960.78,-3757.94,-3749.9900000000002
1363304,0,0,14,0,24,0,0,0,1,23,0,9,28,0.3163265306122449,0.36,143.46,-218.86000000000004,-218.50000000000003
1363305,0,0,16,0,22,0,1,2,0,16,0,9,33,1.0,0.0,13.22,-283.52,-283.52
1363306,2,26,23,0,19,0,2,1,14,24,10,13,34,20.257712814855672,21.349999999999998,1170.8,215.73000000000008,237.0800000000001
1363307,11,59,27,0,0,0,4,2,8,33,12,15,45,11.176635111876076,71.11,-579.68,-1207.64,-1137.88
1363308,4,24,6,1,0,0,0,1,23,0,4,5,1,47.40151515151515,141.64,6738.91,3501.1100000000006,3642.75
1363311,0,7,14,0,0,0,3,2,22,26,0,15,49,17.52147852147852,103.11,-1431.87,-13188.83,-13085.720000000001
1363312,4,56,0,0,0,0,0,0,0,2,3,0,0,1.515625,42.18,-4400.0,-4400.0,-4357.82
1363313,1,10,12,0,23,0,4,0,0,20,12,9,33,17.461734693877553,32.61,-0.5499999999999989,705.07,736.5100000000001
1363314,5,42,15,0,17,0,2,2,6,20,12,15,27,8.00907029478458,33.35,-99.63,212.14999999999986,245.50000000000023
1363316,1,14,21,0,27,0,3,0,12,17,12,7,34,31.743461829176113,152.56,576.28,907.2099999999999,1059.32
1363317,1,21,12,0,14,0,6,0,12,21,8,2,20,47.03657543173672,17.490000000000002,148.68999999999994,727.46,744.95
1363318,0,0,17,0,25,0,1,0,0,14,0,9,33,1.5714285714285714,0.0,89.49,-12.84000000000016,-12.84000000000016
1363321,4,28,29,0,26,0,0,0,12,25,12,6,41,18.335996526270083,110.5,2881.8999999999996,4300.21,4409.629999999999
1363323,4,21,16,0,0,0,1,1,9,17,12,15,41,12.706287920573635,363.4,-870.1299999999999,-5835.230000000001,-5473.180000000001
1363324,0,0,3,0,0,0,4,0,12,3,0,2,20,8.30232558139535,46.4,2322.47,-1731.26,-1684.86
1363326,0,0,7,0,9,0,3,1,12,10,0,6,14,31.166666666666664,8.6,3523.23,1994.4700000000003,2003.0700000000002
1363327,5,31,25,0,0,0,5,11,17,17,8,14,44,18.336971310263234,137.34,-2276.79,-5265.92,-5129.57
1363328,1,8,15,0,16,0,2,0,12,8,4,4,23,43.11666666666667,3.06,1437.2600000000002,1144.1399999999999,1147.1999999999998
1363331,3,24,28,0,0,0,1,0,16,17,12,13,56,22.20088958660387,169.77,1376.1099999999997,3748.1399999999994,3917.37
1363332,1,7,0,1,0,0,0,0,0,1,12,0,0,17.095238095238095,166.19,-839.43,1930.9699999999998,2097.1600000000003
1363333,0,0,28,0,20,0,2,1,14,28,0,12,34,9.822605965463108,33.68,1820.87,961.6999999999999,995.38
1363334,0,0,20,0,22,0,2,1,12,28,0,10,34,12.292751583391977,3.2199999999999998,479.18,65.67999999999986,68.89999999999984
1363335,1,33,14,0,20,0,0,10,0,23,12,9,27,8.13265306122449,25.75,-741.1500000000001,-774.6499999999999,-748.8999999999999
1363336,0,0,26,0,0,0,2,0,14,28,0,13,55,9.689581095596134,3.49,321.2,-4278.08,-4274.59
1363337,0,0,32,0,22,0,1,3,17,12,0,12,40,10.639455782312925,122.52000000000001,8946.69,-201.35999999999967,-78.84000000000015
1363338,0,0,8,0,0,0,0,0,12,3,0,1,2,14.36,12.36,675.18,371.49,383.84999999999997
1363339,0,0,14,0,0,0,0,4,12,3,0,3,8,8.395348837209303,6.53,522.48,333.55999999999995,340.09
1363342,11,52,20,0,25,0,0,5,12,29,12,13,52,11.98734693877551,120.74000000000001,-1513.13,-1423.52,-1303.68
1363343,0,0,14,0,0,0,0,3,12,0,0,4,8,8.35,40.93,2007.65,1362.99,1403.92
1363344,1,45,24,0,26,0,1,1,12,11,12,12,38,21.09662671258629,64.08,-677.13,-255.7500000000001,-191.9400000000001
1363345,1,30,12,0,22,0,2,0,0,24,12,10,31,9.423933209647496,294.92,-354.94000000000005,1738.9099999999999,2032.7500000000005
1363346,0,0,15,0,0,0,11,4,24,8,0,7,34,34.25252525252525,27.39,1630.81,-3160.84,-3133.45
1363347,0,0,8,0,0,0,0,0,12,5,0,0,8,10.4375,19.14,512.64,-300.0299999999999,-280.88999999999993
1363348,5,41,33,0,0,0,1,0,12,34,12,15,55,13.567068978128887,78.02000000000001,1073.69,-3801.6600000000003,-3724.1800000000003
1363351,0,0,0,0,0,0,0,0,4,0,0,0,0,29.666666666666668,1.08,213.81,0.0,1.08
1363352,3,44,18,0,24,0,0,0,12,25,12,10,37,21.18248299319728,75.00999999999999,2895.14,224.05000000000007,298.43000000000006
1363353,3,50,29,0,0,0,2,14,4,22,12,15,43,9.995378151260503,86.66,173.76999999999998,-4607.92,-4521.26
1363354,4,27,29,0,24,0,1,4,12,19,12,13,38,17.838663551288136,390.04,-1835.78,-315.13000000000017,74.90999999999981
1363355,4,26,5,0,0,0,0,1,12,2,12,1,4,23.18181818181818,150.03,1938.38,2489.86,2639.6200000000003
1363356,3,38,13,0,0,0,11,15,23,21,12,14,34,21.33545755466938,83.61,1068.9499999999998,-3357.54,-3274.38
1363361,0,32,20,0,0,0,0,0,5,21,11,13,55,19.10204081632653,15.41,-267.93999999999994,-3267.5499999999997,-3252.14
1363364,3,59,15,1,23,0,1,1,0,17,7,14,33,3.0394373965802535,20.66,-1489.69,-992.9099999999999,-972.25
1363365,1,14,11,0,0,0,1,7,1,26,4,13,44,5.346938775510204,66.39999999999999,-933.6700000000001,-6779.780000000001,-6713.47
1363366,0,0,10,0,0,0,0,0,12,5,0,4,9,8.564102564102564,15.77,7471.81,6990.75,7006.52
1363370,3,24,0,0,0,0,0,0,12,1,12,0,0,39.41491841491842,26.169999999999998,-379.70000000000005,-451.88,-426.34000000000003
1363371,0,0,20,0,0,0,6,13,18,20,0,15,38,13.825850340136055,24.79,142.26999999999998,-3396.37,-3371.58
1363374,0,0,2,0,5,0,8,0,22,5,0,2,6,39.39066339066339,19.15,601.14,-238.73,-219.58
1363375,0,0,11,0,26,0,1,0,2,21,0,8,30,0.6836734693877551,0.5700000000000001,172.98,-109.54000000000006,-108.97000000000007
1363376,0,0,13,0,0,0,0,0,12,2,0,6,3,9.542857142857143,21.89,1345.44,979.8300000000003,1001.72
1363377,8,42,26,0,0,0,7,0,18,22,12,10,43,21.623015873015873,92.80000000000001,1026.4499999999998,-1982.0000000000005,-1889.1999999999998
1363382,0,25,18,0,0,0,5,11,17,21,9,8,45,25.101153504880216,108.94,816.5699999999999,-2006.0900000000001,-1897.15
1363383,0,0,0,0,0,0,0,0,0,75,7,0,0,4.432098765432099,25.73,0.0,1069.9299999999998,1095.03
1363384,4,37,20,0,0,0,2,0,14,24,12,11,52,23.985638699924415,141.72,1200.7900000000004,-510.53000000000065,-368.8099999999995
1363385,1,25,8,0,0,0,0,0,12,5,10,3,5,20.079279279279277,36.59,1720.35,2025.3700000000001,2061.96
1363387,0,18,33,0,15,0,0,0,12,34,12,19,26,20.61034108499546,154.4,70.12,583.0700000000002,736.6600000000001
1363389,0,0,28,0,0,0,2,11,14,16,0,17,48,10.908163265306122,11.31,651.8,-2833.8,-2822.49
1363390,0,37,22,0,0,0,11,2,23,31,8,8,49,16.615714285714283,78.06,-51.840000000000146,-3685.4400000000005,-3608.8199999999997
1363391,0,0,11,0,29,0,2,0,0,15,0,5,37,0.8673469387755102,0.0,17.91,-214.80999999999995,-214.80999999999995
1363392,2,19,21,0,0,0,5,0,17,19,12,15,46,27.080412599822537,158.69000000000003,-670.72,-2676.54,-2517.85
1363393,6,68,11,0,20,0,1,4,0,43,6,7,22,2.528756957328386,0.0,-825.95,-1029.41,-1029.41
1363394,1,14,5,0,0,0,0,0,12,3,6,4,3,22.28,81.99000000000001,1270.2800000000002,-1003.1300000000001,-921.1400000000001
1363395,18,0,11,1,0,0,5,21,21,23,5,5,31,37.89389674365044,102.99000000000001,927.0800000000002,1278.91,1381.81
1363398,0,15,16,0,0,0,12,0,11,18,10,13,30,15.808163265306122,135.67000000000002,-903.87,-3513.6,-3378.29
1363399,0,0,13,0,23,0,1,0,0,18,5,10,34,30.244897959183675,11.83,458.52,-292.06,-280.50000000000006
1363400,49,0,25,0,27,0,0,0,12,44,12,21,46,11.34425772162433,188.68,-2018.5499999999997,2198.9100000000003,2386.78
1363402,2,18,18,0,0,0,2,1,3,24,12,14,42,10.5062358276644,188.79000000000002,-1190.38,-3370.59,-3181.7999999999997
1363403,2,9,22,0,0,0,3,0,15,25,1,12,47,20.130612244897957,44.35,56.799999999999955,-5939.99,-5895.639999999999
1363404,0,0,25,0,21,0,1,7,12,24,0,10,32,11.090561224489797,4.6,1374.3600000000001,996.12,1000.72
1363405,0,0,15,0,24,0,4,2,0,15,0,9,30,1.9591836734693877,0.0,344.52,106.41999999999999,106.41999999999999
1363408,2,17,21,0,24,0,0,11,12,17,12,7,39,22.555277594908933,254.41,-682.2,-422.18000000000006,-168.04000000000008
1363409,1,26,0,0,0,0,0,0,0,1,12,0,0,8.974358974358974,13.77,-160.42,817.12,830.89
1363410,0,0,2,0,0,0,10,1,24,7,0,4,23,36.51880877742947,49.54,903.6899999999999,-3598.34,-3548.8
1363413,0,0,15,0,24,0,3,2,0,18,0,5,32,1.2244897959183674,0.0,131.96,-9.960000000000072,-9.960000000000072
1363414,0,26,20,0,0,0,7,1,23,23,12,8,40,29.23061224489796,107.22,3647.14,-440.3299999999999,-333.1099999999998
1363415,0,0,10,0,0,0,11,10,11,18,0,6,33,3.3877551020408165,36.78,2470.09,-2733.22,-2696.44
1363416,0,0,14,0,28,0,1,1,0,13,0,6,35,0.30927835051546393,0.0,63.78,-205.11000000000004,-205.11000000000004
1363420,3,22,10,0,0,0,11,0,10,24,12,9,36,13.098179812465528,31.060000000000002,-732.22,-3440.6899999999996,-3410.3499999999995
1363421,3,39,21,0,0,0,4,0,16,30,12,20,45,19.714620085322263,139.45999999999998,-503.90999999999997,304.3099999999995,442.96000000000004
1363422,0,14,6,1,0,0,0,0,1,7,12,4,5,13.778571428571428,315.03,8.690000000000001,1342.8700000000003,1657.8999999999999
1363426,2,23,6,0,0,0,0,0,12,9,12,4,12,17.51282051282051,179.64,2650.1800000000003,-511.68999999999994,-332.7700000000003
1363427,2,8,19,1,24,0,1,2,0,14,12,6,33,18.510204081632654,552.38,789.67,2621.1099999999997,3173.49
1363428,0,0,14,0,25,1,0,0,0,17,0,10,32,0.3673469387755102,0.0,274.96,-869.3800000000001,-869.3800000000001
1363429,0,10,0,0,0,0,0,0,24,2,1,0,0,60.89393939393939,41.06,-254.98000000000002,1204.2299999999998,1245.2900000000002
1363433,1,7,12,0,0,0,10,0,9,14,7,12,25,27.016666666666666,19.060000000000002,1153.81,-806.1099999999998,-787.05
1363434,0,0,25,0,0,0,3,0,3,24,0,14,44,1.4850863422291993,7.609999999999999,870.78,-2930.1900000000005,-2922.58
1363435,0,33,16,0,0,0,4,7,3,23,12,15,34,8.912939643942684,48.050000000000004,-313.6,-2388.4300000000003,-2341.19
1363436,0,0,14,0,10,0,2,19,2,24,0,7,21,0.41836734693877553,0.37,218.93,-168.54999999999993,-168.17999999999998
1363438,6,31,21,0,22,0,1,1,12,24,12,14,36,19.644897959183673,41.79,-334.11999999999995,390.7300000000003,431.9800000000003
1363441,6,26,23,0,16,0,2,14,7,23,11,13,28,18.51151229722658,13.59,694.7799999999999,1323.23,1336.55
1363442,0,0,13,0,30,0,2,1,0,10,0,5,38,1.0510204081632653,0.0,90.78,-696.4000000000007,-696.4000000000007
1363444,1,45,13,0,25,0,0,1,0,25,9,7,33,5.208059494984434,32.05,-931.63,-1097.1200000000001,-1065.07
1363445,0,0,6,0,0,0,0,0,12,2,0,2,9,12.1,19.07,552.01,-209.06999999999994,-190.0
1363447,0,11,23,0,0,0,3,14,15,24,2,9,40,19.318503401360545,22.549999999999997,-268.36,-2739.09,-2716.54
1363448,2,27,32,0,0,0,1,1,14,28,11,17,48,18.053215657745277,197.81,2325.18,-4112.33,-3914.52
1363449,1,35,16,0,27,0,0,1,0,13,11,11,33,7.979166666666667,13.97,936.45,1596.96,1610.9299999999998
1363450,0,0,23,0,22,0,0,1,20,13,0,9,38,16.251962323390895,17.73,1229.35,851.8,869.5299999999999
1363452,0,0,29,0,20,0,2,1,17,19,0,11,40,9.839612768184196,42.410000000000004,2087.94,-484.8600000000001,-442.45000000000016
1363453,0,0,1,0,1,0,4,0,2,5,0,2,1,15.666666666666666,0.09,0.0,-217.06,-216.97
1363454,2,65,26,0,0,0,5,0,16,26,12,9,48,19.259557413326775,145.76999999999998,-241.69000000000005,-344.8800000000001,-199.11000000000013
1363455,2,19,0,0,0,0,0,1,12,3,1,0,0,29.458333333333332,3.83,-4938.08,-5193.73,-5189.9
1363456,0,0,7,0,13,0,8,0,0,12,0,6,15,4.866666666666666,0.0,1051.46,938.3499999999999,938.3499999999999
1363457,2,42,15,0,0,0,6,0,22,24,12,14,43,27.39937737806987,321.53999999999996,-1.4699999999993452,-10986.91,-10665.46
1363458,3,23,17,0,24,0,2,0,12,29,12,11,37,21.40559916274202,64.42,-433.47,-913.32,-849.0800000000002
1363459,1,25,0,0,0,0,0,0,0,1,2,0,0,2.4285714285714284,0.87,-3000.0,-3000.0,-2999.13
1363461,8,49,16,0,0,0,1,10,3,24,12,6,49,5.43171114599686,99.9,-609.2800000000001,-1966.2899999999997,-1866.4799999999998
1363462,7,17,6,0,0,0,12,0,24,9,12,1,2,37.72640509013786,433.09000000000003,1456.0200000000004,1425.3,1857.7600000000002
1363465,0,0,7,0,0,0,12,1,24,7,0,5,19,35.75073313782991,55.06,843.22,-1010.21,-955.1500000000001
1363466,0,0,11,0,0,0,0,3,12,3,0,2,3,11.030303030303031,28.17,1100.9,530.6800000000001,558.85
1363467,6,47,17,0,0,0,2,0,1,29,12,13,46,5.404109589041096,119.52,-1441.53,-4404.16,-4285.99
1363468,6,29,9,0,0,0,0,22,12,13,1,1,10,6.575409836065575,5.21,-4572.72,-4851.92,-4846.71
1363469,0,0,13,0,21,0,1,10,12,27,0,10,31,13.706938775510203,27.57,1921.34,-273.83,-246.26
1363470,7,32,14,0,0,0,2,0,4,30,6,10,42,5.499348675640469,101.1,-3150.4800000000005,-7291.79,-7191.41
1363471,3,41,22,0,21,0,2,12,12,18,5,10,28,19.953035060177918,21.62,-1298.7199999999998,-1774.2800000000007,-1752.6600000000005
1363474,4,28,20,0,0,0,7,2,19,19,5,12,44,23.86588173731031,202.67000000000002,3950.76,-3997.6299999999997,-3794.96
1363475,5,29,16,0,24,0,1,8,1,14,12,5,32,8.305905340859749,85.92999999999999,-590.1,2508.1900000000005,2594.12
1363480,0,0,13,0,28,0,1,0,2,11,0,5,39,0.6530612244897959,3.34,33.77,-2041.76,-2038.42
1363481,0,0,25,0,30,0,1,0,12,15,0,10,39,11.879464285714286,14.870000000000001,1632.8600000000001,1259.5900000000001,1274.46
1363482,5,35,8,1,0,0,0,0,12,7,8,3,7,15.117788461538462,144.56,131.14,2921.7899999999995,3065.63
1363483,3,52,13,0,28,0,1,0,0,24,12,7,36,4.876208378088077,79.61,-596.25,205.36999999999992,284.88999999999993
1363484,3,23,12,0,0,0,5,2,4,31,11,11,36,10.859828141783028,22.770000000000003,-382.93,-1919.5399999999997,-1896.7699999999998
1363485,13,0,0,0,0,0,0,0,12,8,2,0,0,46.81818181818181,43.63,-842.24,3161.24,3204.8700000000003
1363486,0,0,0,0,0,0,0,0,0,38,0,0,0,0.5675675675675675,0.0,0.0,0.0,0.0
1363490,0,0,0,0,0,0,0,0,12,0,0,0,0,30.363636363636363,34.24,2301.53,0.0,34.24
1363491,0,0,5,0,0,0,0,0,3,1,0,6,3,5.647058823529412,1.2600000000000002,17.82,-188.89,-187.62999999999988
1363492,1,14,11,0,25,0,5,0,12,26,12,14,33,29.74829931972789,977.6899999999999,-5646.610000000001,-3835.2199999999993,-2857.5299999999993
1363493,0,0,17,0,0,0,3,19,13,17,0,11,38,11.86281179138322,38.120000000000005,2607.51,-3885.63,-3847.51
1363495,0,0,27,0,0,0,9,0,21,20,0,7,51,12.634693877551019,67.82,2822.5899999999997,-2032.83,-1965.01
