cust_id,acct_nbr,minimum_balance,acct_type,account_active,acct_start_date,acct_end_date,starting_balance,ending_balance,average_transaction_time,DP  ,FU  ,IN  ,IQ  ,TR  ,WD  ,tran_amt,principal_amt,interest_amt,new_balance,avg_days_btwn_trans
1363160,13631603,100,BS  ,Y ,1988-05-09,,113.04,122.54,16:11,11.0,8.0,12.0,5.0,6.0,6.0,9.50000000000008,6.25,3.25,122.54,7.48936170212766
1362487,13624873,500,MM  ,N ,1994-06-27,1995-08-25,651.73,12.89,18:35,1.0,0.0,7.0,4.0,2.0,5.0,-638.84,-645.47,6.63,12.89,10.777777777777779
1362548,13625483,100,BS  ,Y ,1986-11-11,,250.24,254.02,23:58,0.0,0.0,12.0,0.0,0.0,0.0,3.7800000000000002,0.0,3.7800000000000002,254.02,30.363636363636363
1362752,13627523,100,BS  ,Y ,1995-02-20,,600.26,609.33,23:58,0.0,0.0,12.0,0.0,0.0,0.0,9.07,0.0,9.07,609.33,30.363636363636363
1363017,13630173,100,BS  ,N ,1994-04-27,1995-10-31,2011.02,2901.35,17:04,4.0,0.0,10.0,4.0,0.0,6.0,890.3299999999999,857.8299999999999,32.5,2901.35,11.869565217391305
1362609,13626093,500,MM  ,Y ,1995-06-22,,758.41,49.39,16:42,5.0,0.0,12.0,3.0,5.0,6.0,-708.48,-724.73,16.25,49.39,11.133333333333333
1363465,13634653,500,MM  ,Y ,1994-04-27,,573.48,590.92,23:58,0.0,0.0,12.0,0.0,0.0,0.0,17.439999999999998,0.0,17.439999999999998,590.92,30.363636363636363
1363078,13630783,100,BS  ,Y ,1992-08-26,,127.81,596.38,19:18,6.0,0.0,10.0,0.0,4.0,6.0,469.38,464.35,5.03,596.38,14.52
1362588,13625883,100,BS  ,Y ,1990-10-20,,252.24,9.71,18:15,5.0,0.0,12.0,4.0,5.0,7.0,-242.53,-245.48000000000002,2.95,9.71,10.71875
1363343,13633433,500,MM  ,Y ,1995-03-14,,603.82,2007.65,15:35,14.0,3.0,12.0,0.0,4.0,8.0,1403.9199999999998,1362.99,40.93,2007.65,8.35
1362853,13628533,500,MM  ,Y ,1995-06-10,,918.64,1025.23,20:38,4.0,0.0,12.0,0.0,1.0,4.0,107.22000000000001,79.71000000000001,27.509999999999998,1025.23,16.7
1363404,13634043,100,BS  ,Y ,1995-02-22,,114.29,550.73,18:04,8.0,2.0,12.0,3.0,2.0,6.0,436.44,431.84000000000003,4.6,550.73,10.4375
1362567,13625673,100,BS  ,Y ,1989-09-23,,3314.95,5143.26,16:18,19.0,2.0,12.0,4.0,7.0,13.0,1828.6699999999998,1770.6799999999998,57.99,5143.26,6.464285714285714
1363200,13632003,100,BS  ,Y ,1993-10-24,,114.43,1357.19,18:35,10.0,0.0,12.0,2.0,5.0,2.0,1242.7600000000002,1226.5,16.26,1357.19,11.133333333333333
1363301,13633013,100,BS  ,Y ,1995-03-23,,292.49,417.32,17:22,10.0,0.0,12.0,2.0,2.0,7.0,124.83000000000006,117.86000000000007,6.97,417.32,10.4375
1363261,13632613,500,MM  ,N ,1989-03-09,1995-09-11,676.68,289.89,16:31,9.0,0.0,8.0,4.0,7.0,8.0,-386.79,-398.98,12.19,289.89,7.142857142857143
1362893,13628933,100,BS  ,Y ,1995-08-03,,290.57,976.43,20:09,6.0,0.0,12.0,0.0,1.0,3.0,685.86,681.03,4.83,976.43,15.904761904761905
1363057,13630573,100,BS  ,Y ,1992-08-16,,2311.66,1385.03,17:06,7.0,0.0,12.0,2.0,2.0,8.0,-925.37,-951.98,26.61,1385.03,11.533333333333333
1363158,13631583,500,MM  ,Y ,1995-07-06,,773.98,1917.72,19:56,5.0,0.0,12.0,2.0,0.0,3.0,1143.74,1118.3000000000002,25.439999999999998,1917.72,15.904761904761905
1362771,13627713,100,BS  ,Y ,1995-12-02,,215.21,2361.62,18:00,11.0,0.0,12.0,5.0,4.0,8.0,2146.41,2140.4900000000002,5.92,2361.62,8.564102564102564
1362546,13625463,100,BS  ,Y ,1990-02-19,,120.49,991.01,19:23,8.0,0.0,12.0,2.0,1.0,3.0,870.52,863.6800000000001,6.84,991.01,14.48
1363097,13630973,100,BS  ,Y ,1995-03-26,,183.44,10.28,19:40,1.0,0.0,12.0,0.0,2.0,2.0,-173.16,-174.38,1.22,10.28,20.875
1363015,13630153,100,BS  ,Y ,1995-11-12,,380.21,385.97,23:58,0.0,0.0,12.0,0.0,0.0,0.0,5.76,0.0,5.76,385.97,30.363636363636363
1363280,13632803,100,BS  ,Y ,1993-06-25,,123.96,1706.87,18:08,13.0,0.0,12.0,2.0,0.0,9.0,1583.3600000000001,1564.58,18.78,1706.87,10.257142857142858
1362729,13627293,100,BS  ,Y ,1993-04-21,,120.41,122.21,23:58,0.0,0.0,12.0,0.0,0.0,0.0,1.7999999999999998,0.0,1.7999999999999998,122.21,30.363636363636363
1362668,13626683,100,BS  ,Y ,1990-11-29,,213.91,1470.67,15:56,14.0,7.0,12.0,1.0,3.0,3.0,1256.76,1242.52,14.24,1470.67,8.564102564102564
1362708,13627083,500,MM  ,Y ,1991-05-13,,5006.85,3821.12,17:18,6.0,0.0,12.0,4.0,2.0,16.0,-1185.37,-1319.18,133.81,3821.12,8.564102564102564
1362933,13629333,100,BS  ,Y ,1995-06-03,,268.67,17.18,19:53,2.0,0.0,12.0,3.0,2.0,2.0,-251.49,-254.33,2.8400000000000003,17.18,16.7
1362565,13625653,100,BS  ,Y ,1986-05-22,,319.68,941.16,19:58,3.0,0.0,12.0,2.0,1.0,4.0,621.4799999999999,612.24,9.24,941.16,15.904761904761905
1362525,13625253,100,BS  ,Y ,1990-10-17,,284.65,313.46,17:34,9.0,0.0,12.0,4.0,8.0,6.0,28.990000000000023,24.75,4.24,313.46,9.473684210526315
1362891,13628913,500,MM  ,Y ,1990-11-02,,767.62,1743.57,18:58,3.0,0.0,12.0,3.0,2.0,2.0,976.2199999999999,938.02,38.2,1743.57,15.904761904761905
1362973,13629733,100,BS  ,Y ,1995-02-01,,2273.92,2570.3,19:06,5.0,0.0,12.0,3.0,0.0,5.0,296.37999999999994,261.32,35.06,2570.3,13.916666666666666
1363482,13634823,100,BS  ,Y ,1989-07-24,,121.85,486.4,16:22,8.0,0.0,12.0,3.0,3.0,7.0,364.55000000000007,359.14000000000004,5.41,486.4,10.65625
1363238,13632383,100,BS  ,Y ,1991-07-11,,189.51,192.39,23:58,0.0,0.0,12.0,0.0,0.0,0.0,2.88,0.0,2.88,192.39,30.363636363636363
1362605,13626053,500,MM  ,Y ,1994-03-26,,593.88,611.94,23:58,0.0,0.0,12.0,0.0,0.0,0.0,18.06,0.0,18.06,611.94,30.363636363636363
1362830,13628303,100,BS  ,Y ,1992-01-14,,237.88,35.68,19:23,2.0,0.0,12.0,2.0,2.0,2.0,-202.20000000000002,-204.06,1.8599999999999999,35.68,19.105263157894736
1363339,13633393,100,BS  ,Y ,1994-11-26,,182.39,522.48,18:04,14.0,4.0,12.0,3.0,3.0,8.0,340.09,333.55999999999995,6.53,522.48,8.395348837209303
1363095,13630953,100,BS  ,Y ,1995-02-19,,2042.54,868.08,18:51,3.0,1.0,12.0,1.0,1.0,9.0,-1173.74,-1200.19,26.45,868.08,12.846153846153847
1362727,13627273,100,BS  ,Y ,1995-04-16,,8996.64,9132.52,23:58,0.0,0.0,12.0,0.0,0.0,0.0,135.88,0.0,135.88,9132.52,30.363636363636363
1362687,13626873,500,MM  ,Y ,1994-07-14,,566.77,1111.42,17:51,7.0,0.0,12.0,1.0,4.0,6.0,544.6500000000001,535.09,9.559999999999999,1111.42,11.517241379310345
1362584,13625843,100,BS  ,Y ,1994-06-01,,2032.5,1999.37,19:16,6.0,0.0,12.0,1.0,2.0,5.0,-33.129999999999995,-61.55000000000007,28.42,1999.37,14.12
1362952,13629523,100,BS  ,N ,1992-01-26,1995-03-31,231.89,232.76,23:59,0.0,0.0,3.0,0.0,0.0,0.0,0.8699999999999999,0.0,0.8699999999999999,232.76,29.5
1362767,13627673,100,BS  ,Y ,1993-03-21,,276.81,1098.48,18:55,10.0,0.0,12.0,1.0,1.0,2.0,821.67,811.8299999999999,9.84,1098.48,13.36
1363421,13634213,100,BS  ,Y ,1988-09-19,,191.77,197.64,18:04,5.0,0.0,12.0,2.0,6.0,6.0,5.8700000000000045,2.840000000000032,3.03,197.64,12.133333333333333
1362624,13626243,100,BS  ,Y ,1993-06-18,,364.47,1028.01,19:23,4.0,1.0,12.0,1.0,3.0,5.0,663.5400000000001,659.4100000000001,4.13,1028.01,13.36
1362809,13628093,100,BS  ,Y ,1989-01-31,,270.75,274.83,23:58,0.0,0.0,12.0,0.0,0.0,0.0,4.08,0.0,4.08,274.83,30.363636363636363
1362746,13627463,100,BS  ,Y ,1995-12-30,,2263.07,2946.92,18:55,11.0,0.0,12.0,2.0,1.0,7.0,683.85,648.86,34.99,2974.45,10.4375
1362666,13626663,500,MM  ,Y ,1991-02-23,,574.42,300.42,20:08,4.0,0.0,12.0,1.0,3.0,2.0,-272.28999999999996,-288.76,16.47,300.42,15.904761904761905
1363215,13632153,100,BS  ,Y ,1995-10-17,,924.0,2689.95,19:34,7.0,0.0,12.0,3.0,0.0,4.0,1765.95,1749.87,16.08,2689.95,13.36
1363135,13631353,500,MM  ,N ,1990-04-29,1995-06-19,533.67,540.37,23:59,0.0,0.0,5.0,0.0,0.0,0.0,6.7,0.0,6.7,540.37,30.0
1363011,13630113,100,BS  ,Y ,1990-10-20,,1470.91,1387.58,17:20,7.0,0.0,12.0,6.0,5.0,9.0,-83.32999999999986,-106.95999999999987,23.63,1387.58,9.394736842105264
1363400,13634003,100,BS  ,Y ,1993-08-22,,565.38,137.85,15:39,12.0,0.0,12.0,5.0,10.0,14.0,-427.5300000000002,-431.8300000000001,4.3,137.85,6.826923076923077
1363337,13633373,100,BS  ,Y ,1994-06-12,,531.48,7766.05,17:28,15.0,0.0,12.0,2.0,5.0,6.0,7234.57,7138.87,95.7,7766.05,9.333333333333334
1362523,13625233,100,BS  ,Y ,1992-06-26,,262.21,127.38,17:42,5.0,0.0,12.0,2.0,3.0,4.0,-134.83,-138.56,3.73,127.38,13.36
1362929,13629293,100,BS  ,Y ,1995-05-08,,1229.27,1535.83,17:54,8.0,0.0,12.0,1.0,4.0,8.0,306.5599999999998,290.36999999999966,16.19,1535.83,10.4375
1363257,13632573,100,BS  ,Y ,1993-09-08,,273.21,1209.67,16:43,12.0,12.0,12.0,4.0,3.0,9.0,936.8199999999999,921.8599999999999,14.96,1208.16,7.078431372549019
1362725,13627253,500,MM  ,Y ,1995-01-30,,17303.42,16095.5,19:53,5.0,0.0,12.0,1.0,3.0,1.0,-1207.92,-1708.4899999999998,500.57,16095.5,15.904761904761905
1362502,13625023,100,BS  ,Y ,1988-05-13,,228.81,697.68,20:09,5.0,0.0,12.0,2.0,0.0,3.0,469.95000000000005,458.39000000000004,11.56,697.68,15.904761904761905
1363194,13631943,100,BS  ,N ,1990-09-25,1995-04-21,210.5,455.67,13:23,4.0,0.0,3.0,2.0,2.0,2.0,245.17,243.68000000000004,1.4899999999999998,455.67,6.75
1363236,13632363,100,BS  ,Y ,1994-09-19,,288.72,1067.7,15:53,18.0,0.0,12.0,4.0,6.0,13.0,778.9799999999999,772.6999999999999,6.28,1067.7,6.903846153846154
1362643,13626433,100,BS  ,N ,1992-02-27,1995-09-16,135.78,494.84,18:04,4.0,0.0,8.0,1.0,0.0,4.0,359.05999999999995,354.95,4.11,494.84,13.625
1363093,13630933,100,BS  ,N ,1986-05-30,1995-10-10,273.8,86.31,16:58,6.0,0.0,9.0,3.0,5.0,5.0,-187.48999999999998,-189.35999999999999,1.87,86.31,9.814814814814815
1363377,13633773,500,MM  ,Y ,1994-07-01,,610.91,1782.06,20:25,5.0,0.0,12.0,3.0,2.0,3.0,1171.96,1126.29,45.67,1782.06,13.916666666666666
1362685,13626853,100,BS  ,Y ,1994-06-09,,335.36,1735.39,19:12,5.0,0.0,12.0,1.0,1.0,6.0,1400.03,1385.67,14.36,1735.39,15.125
1363173,13631733,500,MM  ,N ,1987-11-15,1995-12-05,984.06,382.8,18:57,4.0,1.0,11.0,1.0,1.0,3.0,-601.2600000000001,-623.8100000000002,22.55,382.8,15.15
1362950,13629503,500,MM  ,Y ,1995-12-21,,658.26,1545.22,20:24,7.0,0.0,12.0,1.0,0.0,1.0,886.9599999999999,864.78,22.18,1541.37,16.7
1362765,13627653,100,BS  ,N ,1992-11-03,1995-02-04,153.0,1363.11,14:56,11.0,0.0,1.0,6.0,2.0,5.0,1210.1100000000001,1208.41,1.7,1363.11,1.2916666666666667
1362542,13625423,100,BS  ,Y ,1995-10-27,,607.88,1654.74,19:49,8.0,0.0,12.0,2.0,2.0,2.0,1047.49,1035.42,12.07,1654.74,13.36
1363234,13632343,100,BS  ,Y ,1988-05-14,,139.94,918.39,17:32,4.0,0.0,12.0,2.0,0.0,6.0,778.4499999999999,773.49,4.96,918.39,15.173913043478262
1363276,13632763,500,MM  ,Y ,1995-03-26,,812.36,2037.38,16:12,12.0,0.0,12.0,5.0,3.0,12.0,1228.1699999999998,1189.61,38.56,2037.38,7.767441860465116
1362622,13626223,500,MM  ,Y ,1989-04-08,,9223.34,13404.16,17:40,14.0,0.0,12.0,2.0,0.0,3.0,4180.82,3824.67,356.15,13404.16,11.8
1363133,13631333,100,BS  ,Y ,1989-10-20,,173.72,1082.35,20:35,5.0,0.0,12.0,2.0,0.0,2.0,908.63,900.82,7.8100000000000005,1082.35,17.2
1363091,13630913,100,BS  ,Y ,1995-11-05,,2303.88,2338.68,23:58,0.0,0.0,12.0,0.0,0.0,0.0,34.8,0.0,34.8,2338.68,30.363636363636363
1362990,13629903,100,BS  ,Y ,1994-03-03,,160.9,1113.07,16:25,10.0,11.0,11.0,3.0,2.0,10.0,952.17,944.0799999999999,8.09,1111.68,7.804347826086956
1362887,13628873,100,BS  ,N ,1991-05-10,1995-01-14,591.9,4262.93,13:35,11.0,0.0,0.0,2.0,3.0,8.0,3671.03,3671.03,0.0,3410.76,0.5217391304347826
1363316,13633163,100,BS  ,Y ,1995-04-14,,318.04,629.06,19:56,6.0,0.0,12.0,0.0,2.0,1.0,311.02000000000004,305.71,5.3100000000000005,629.06,16.7
1363356,13633563,100,BS  ,Y ,1993-09-09,,285.45,148.06,17:50,7.0,6.0,12.0,1.0,2.0,2.0,-137.38999999999996,-143.67999999999995,6.29,148.06,11.517241379310345
1362500,13625003,100,BS  ,Y ,1995-12-08,,330.98,335.99,23:58,0.0,0.0,12.0,0.0,0.0,0.0,5.01,0.0,5.01,335.99,30.363636363636363
1362744,13627443,100,BS  ,Y ,1987-08-02,,127.54,1797.22,15:52,18.0,1.0,12.0,3.0,4.0,11.0,1669.68,1653.96,15.72,1797.22,7.5625
1362969,13629693,100,BS  ,Y ,1992-03-15,,1063.49,5792.74,16:14,10.0,10.0,12.0,5.0,4.0,7.0,4729.25,4668.76,60.49,5792.74,7.276595744680851
1363213,13632133,100,BS  ,Y ,1995-03-29,,285.4,289.72,23:58,0.0,0.0,12.0,0.0,0.0,0.0,4.32,0.0,4.32,289.72,30.363636363636363
1363438,13634383,100,BS  ,Y ,1993-03-02,,154.44,95.3,18:57,5.0,0.0,12.0,5.0,5.0,4.0,-59.14000000000002,-60.69,1.5499999999999998,95.3,11.9
1363070,13630703,500,MM  ,Y ,1995-10-08,,819.37,844.28,23:58,0.0,0.0,12.0,0.0,0.0,0.0,31.21,0.0,31.21,844.28,30.363636363636363
1362826,13628263,100,BS  ,Y ,1995-10-23,,138.57,425.08,20:19,5.0,0.0,12.0,2.0,1.0,4.0,286.50999999999993,284.04999999999995,2.46,425.08,14.521739130434783
1363253,13632533,500,MM  ,N ,1992-04-09,1995-11-01,1241.42,1701.18,17:18,6.0,0.0,10.0,1.0,2.0,5.0,460.03000000000003,421.1599999999999,38.870000000000005,1701.18,13.130434782608695
1363295,13632953,100,BS  ,Y ,1989-05-03,,130.66,222.18,18:43,5.0,0.0,12.0,1.0,2.0,4.0,91.51999999999998,88.17000000000002,3.35,222.18,14.521739130434783
1362641,13626413,100,BS  ,N ,1988-11-28,1995-12-06,139.95,141.92,23:58,0.0,0.0,11.0,0.0,0.0,0.0,1.97,0.0,1.97,141.92,30.3
1362805,13628053,100,BS  ,Y ,1987-01-03,,124.1,232.15,18:23,11.0,0.0,12.0,4.0,2.0,11.0,108.22999999999995,100.11999999999989,8.11,232.15,9.128205128205128
1362498,13624983,100,BS  ,Y ,1995-09-15,,2273.51,2307.85,23:58,0.0,0.0,12.0,0.0,0.0,0.0,34.34,0.0,34.34,2307.85,30.363636363636363
1363457,13634573,100,BS  ,Y ,1988-04-23,,1415.45,3028.72,19:36,4.0,0.0,12.0,1.0,1.0,3.0,1613.27,1573.1,40.17,3028.72,18.1
1363354,13633543,100,BS  ,Y ,1995-07-28,,148.91,1116.71,17:52,14.0,0.0,12.0,4.0,2.0,8.0,967.8,962.3,5.5,1116.71,8.564102564102564
1362580,13625803,100,BS  ,Y ,1992-10-12,,468.82,163.39,18:56,2.0,0.0,12.0,0.0,3.0,4.0,-305.43,-309.52,4.09,163.39,16.7
1362742,13627423,100,BS  ,Y ,1992-09-19,,123.32,844.14,19:37,3.0,0.0,12.0,2.0,0.0,4.0,721.45,706.75,14.7,844.14,16.95
1362702,13627023,500,MM  ,Y ,1990-03-17,,698.68,12.53,18:42,4.0,0.0,12.0,1.0,4.0,9.0,-686.1500000000001,-695.1700000000001,9.02,12.53,12.310344827586206
1362925,13629253,500,MM  ,Y ,1993-03-14,,592.32,1770.46,18:48,10.0,0.0,12.0,5.0,4.0,5.0,1179.6699999999998,1126.84,52.83,1770.46,10.285714285714286
1362681,13626813,100,BS  ,Y ,1995-05-25,,3232.61,3629.45,16:02,13.0,0.0,12.0,5.0,2.0,6.0,399.89999999999986,340.69000000000005,59.21,3629.45,9.027027027027026
1363394,13633943,100,BS  ,Y ,1987-06-12,,2238.98,2270.28,19:44,5.0,0.0,12.0,2.0,4.0,3.0,31.299999999999947,-3.1299999999999955,34.43,2270.28,14.28
1363150,13631503,100,BS  ,Y ,1991-09-09,,234.29,370.22,16:06,16.0,1.0,12.0,5.0,4.0,11.0,135.92999999999992,130.46000000000004,5.470000000000001,370.22,7.354166666666667
1362782,13627823,100,BS  ,Y ,1994-02-06,,150.85,268.13,19:34,3.0,0.0,12.0,2.0,0.0,4.0,117.28,115.04,2.24,268.13,16.7
1363272,13632723,100,BS  ,Y ,1995-07-10,,165.83,711.81,18:16,13.0,0.0,12.0,2.0,6.0,7.0,545.9799999999999,539.12,6.86,711.81,8.564102564102564
1363251,13632513,500,MM  ,Y ,1994-09-11,,5003.6,5059.46,16:20,14.0,0.0,12.0,1.0,1.0,12.0,56.49000000000003,-96.44999999999996,152.94,5059.46,8.564102564102564
1362864,13628643,100,BS  ,Y ,1995-03-07,,173.89,176.53,23:58,0.0,0.0,12.0,0.0,0.0,0.0,2.64,0.0,2.64,176.53,30.363636363636363
1363047,13630473,100,BS  ,N ,1992-08-19,1995-09-02,142.02,417.52,19:23,3.0,0.0,8.0,3.0,2.0,2.0,275.5,273.40999999999997,2.09,417.52,12.470588235294118
1363333,13633333,500,MM  ,Y ,1993-07-28,,685.35,1896.2,16:37,16.0,0.0,12.0,5.0,2.0,5.0,1212.02,1178.4099999999999,33.61,1896.2,9.23076923076923
1363108,13631083,100,BS  ,Y ,1993-07-22,,220.08,360.12,19:03,3.0,0.0,12.0,1.0,1.0,5.0,140.04000000000002,136.28,3.76,360.12,16.857142857142858
1362721,13627213,100,BS  ,Y ,1994-03-25,,167.33,48.22,19:40,4.0,2.0,12.0,5.0,4.0,0.0,-119.11000000000001,-120.87000000000002,1.76,48.22,12.846153846153847
1362904,13629043,100,BS  ,Y ,1992-06-16,,198.9,201.9,23:58,0.0,0.0,12.0,0.0,0.0,0.0,3.0,0.0,3.0,201.9,30.363636363636363
1362986,13629863,500,MM  ,Y ,1995-06-13,,1161.47,434.43,18:18,5.0,0.0,12.0,0.0,3.0,4.0,-726.32,-751.44,25.12,434.43,14.521739130434783
1362496,13624963,100,BS  ,Y ,1994-12-07,,247.34,251.06,23:58,0.0,0.0,12.0,0.0,0.0,0.0,3.7199999999999998,0.0,3.7199999999999998,251.06,30.363636363636363
1363455,13634553,100,BS  ,Y ,1995-08-08,,251.82,254.9,23:37,0.0,1.0,12.0,0.0,0.0,0.0,3.08,-0.75,3.83,254.9,27.833333333333332
1362761,13627613,500,MM  ,Y ,1994-03-28,,775.55,490.67,19:32,3.0,0.0,12.0,4.0,0.0,5.0,-284.79,-299.56,14.77,490.67,14.521739130434783
1362578,13625783,100,BS  ,Y ,1993-07-11,,253.59,862.43,16:56,6.0,0.0,12.0,3.0,1.0,3.0,609.5600000000001,601.51,8.05,862.43,14.958333333333334
1362822,13628223,100,BS  ,Y ,1994-11-13,,160.93,523.43,15:41,20.0,0.0,12.0,6.0,10.0,6.0,362.5,358.12999999999994,4.37,523.43,6.547169811320755
1362843,13628433,100,BS  ,Y ,1986-08-02,,282.11,224.72,18:08,5.0,0.0,12.0,2.0,2.0,3.0,-57.12000000000003,-62.05000000000007,4.93,224.72,15.434782608695652
1363352,13633523,100,BS  ,Y ,1992-08-24,,2039.4,2950.23,18:49,3.0,0.0,12.0,4.0,1.0,5.0,910.8299999999999,868.72,42.11,2950.23,15.125
1362700,13627003,100,BS  ,Y ,1994-02-22,,311.2,315.88,23:58,0.0,0.0,12.0,0.0,0.0,0.0,4.68,0.0,4.68,315.88,30.363636363636363
1363209,13632093,100,BS  ,N ,1986-02-03,1995-08-29,264.69,1813.9,16:17,14.0,0.0,7.0,8.0,3.0,1.0,1549.3899999999999,1536.98,12.41,1813.9,6.71875
1363169,13631693,100,BS  ,Y ,1991-07-10,,151.54,153.82,23:58,0.0,0.0,12.0,0.0,0.0,0.0,2.2800000000000002,0.0,2.2800000000000002,153.82,30.363636363636363
1363270,13632703,500,MM  ,Y ,1995-12-17,,549.07,380.05,15:56,13.0,0.0,12.0,5.0,7.0,10.0,-169.02,-185.25999999999996,16.24,379.1,7.260869565217392
1363434,13634343,100,BS  ,N ,1991-06-27,1995-01-02,328.82,2728.02,13:35,10.0,0.0,0.0,1.0,2.0,1.0,2399.2,2399.2,0.0,1435.29,0.07692307692307693
1362658,13626583,100,BS  ,Y ,1991-02-21,,235.06,238.62,23:58,0.0,0.0,12.0,0.0,0.0,0.0,3.5599999999999996,0.0,3.5599999999999996,238.62,30.363636363636363
1362557,13625573,500,MM  ,Y ,1995-10-09,,697.92,68.86,20:03,8.0,0.0,12.0,2.0,3.0,6.0,-629.0600000000001,-645.22,16.16,68.86,11.133333333333333
1363127,13631273,100,BS  ,Y ,1995-02-13,,122.21,124.01,23:58,0.0,0.0,12.0,0.0,0.0,0.0,1.7999999999999998,0.0,1.7999999999999998,124.01,30.363636363636363
1363495,13634953,100,BS  ,Y ,1994-11-16,,2321.9,2783.16,17:17,11.0,0.0,12.0,3.0,1.0,9.0,461.8,420.90000000000003,40.9,2783.16,10.114285714285714
1363392,13633923,100,BS  ,Y ,1993-11-08,,109.05,241.59,20:42,4.0,0.0,12.0,1.0,2.0,5.0,132.54000000000002,130.44,2.1,241.59,14.521739130434783
1363291,13632913,100,BS  ,Y ,1995-02-08,,274.62,653.58,18:37,5.0,4.0,12.0,1.0,2.0,2.0,378.96000000000004,374.70000000000005,4.26,653.58,13.36
1362637,13626373,100,BS  ,Y ,1991-06-11,,347.66,44.79,20:42,1.0,0.0,12.0,4.0,1.0,1.0,-302.87,-304.46,1.5899999999999999,44.79,18.555555555555557
1362883,13628833,500,MM  ,Y ,1994-02-03,,702.27,149.74,19:11,6.0,0.0,12.0,1.0,4.0,3.0,-552.53,-562.71,10.18,149.74,14.0
1363371,13633713,500,MM  ,Y ,1993-05-22,,726.33,87.77,20:01,5.0,0.0,12.0,3.0,3.0,8.0,-638.02,-656.5000000000001,18.48,87.77,11.866666666666667
1362740,13627403,100,BS  ,N ,1994-02-15,1995-08-12,118.82,119.87,23:59,0.0,0.0,7.0,0.0,0.0,0.0,1.05,0.0,1.05,119.87,30.166666666666668
1363228,13632283,100,BS  ,Y ,1995-06-26,,310.44,1538.46,20:29,6.0,0.0,12.0,2.0,1.0,3.0,1228.02,1216.42,11.6,1538.46,14.521739130434783
1363474,13634743,500,MM  ,Y ,1990-05-12,,5095.53,4622.61,20:57,4.0,0.0,12.0,0.0,2.0,3.0,-472.11000000000007,-624.94,152.83,4622.61,16.7
1363268,13632683,100,BS  ,Y ,1989-06-25,,498.64,180.08,17:29,4.0,1.0,12.0,4.0,2.0,3.0,-318.55999999999995,-325.09,6.53,180.08,13.36
1363331,13633313,500,MM  ,Y ,1991-06-06,,905.15,743.04,17:42,7.0,0.0,12.0,4.0,3.0,5.0,-161.93000000000004,-193.37000000000003,31.44,743.04,11.9
1362656,13626563,100,BS  ,Y ,1993-07-11,,121.0,367.8,17:08,8.0,0.0,12.0,5.0,2.0,11.0,247.60999999999996,238.00999999999993,9.6,367.8,9.702702702702704
1362902,13629023,100,BS  ,Y ,1990-11-11,,184.9,1554.71,18:53,5.0,0.0,12.0,1.0,3.0,5.0,1370.3500000000001,1362.44,7.91,1554.71,14.44
1363390,13633903,100,BS  ,Y ,1995-10-18,,253.08,740.57,18:55,10.0,1.0,12.0,8.0,2.0,8.0,487.4899999999999,482.3999999999999,5.09,739.65,8.35
1362698,13626983,100,BS  ,N ,1994-09-04,1995-03-12,499.93,3110.27,14:04,13.0,0.0,2.0,8.0,6.0,12.0,2610.34,2609.48,0.8600000000000001,2754.18,1.5
1362513,13625133,100,BS  ,Y ,1994-10-14,,389.39,352.05,17:49,6.0,0.0,12.0,0.0,3.0,5.0,-37.339999999999975,-40.62999999999994,3.29,352.05,13.48
1363167,13631673,500,MM  ,Y ,1987-04-17,,1256.54,1296.4,17:07,7.0,0.0,12.0,5.0,4.0,3.0,40.30999999999998,5.28999999999985,35.02,1296.4,11.933333333333334
1362982,13629823,100,BS  ,Y ,1989-11-14,,2167.79,3313.65,16:46,13.0,0.0,12.0,1.0,4.0,10.0,1146.85,1112.01,34.84,3313.65,8.76923076923077
1362759,13627593,100,BS  ,Y ,1990-09-05,,214.89,79.52,17:52,8.0,0.0,12.0,5.0,7.0,8.0,-135.36999999999995,-149.11,13.74,79.52,9.051282051282051
1363247,13632473,100,BS  ,Y ,1992-07-20,,278.43,339.33,16:32,9.0,0.0,12.0,1.0,3.0,14.0,60.89999999999996,58.089999999999975,2.81,339.33,9.5
1362555,13625553,100,BS  ,Y ,1993-05-14,,411.52,260.59,16:23,7.0,1.0,12.0,5.0,4.0,7.0,-150.93,-154.8,3.87,260.59,9.542857142857143
1362839,13628393,100,BS  ,Y ,1992-06-01,,4386.32,3420.03,16:05,15.0,0.0,12.0,4.0,6.0,11.0,-964.4899999999999,-1030.42,65.93,3420.03,7.659574468085107
1363493,13634933,100,BS  ,N ,1993-06-08,1995-07-19,331.18,553.61,15:40,5.0,0.0,6.0,2.0,1.0,5.0,222.43,218.12,4.3100000000000005,553.61,9.444444444444445
1363083,13630833,500,MM  ,Y ,1992-02-12,,5830.18,6325.98,17:26,10.0,0.0,12.0,2.0,3.0,4.0,496.24999999999994,311.10999999999996,185.14,6325.98,11.133333333333333
1362881,13628813,100,BS  ,Y ,1995-09-11,,302.02,61.5,20:35,5.0,0.0,12.0,0.0,2.0,5.0,-240.51999999999998,-244.56,4.04,61.5,14.521739130434783
1362675,13626753,100,BS  ,Y ,1994-06-10,,200.89,274.78,17:45,4.0,0.0,12.0,1.0,1.0,3.0,73.89,68.93,4.96,274.78,18.1
1363064,13630643,100,BS  ,Y ,1995-06-09,,220.97,1103.03,17:58,6.0,1.0,12.0,4.0,2.0,7.0,882.06,873.14,8.92,1103.03,10.774193548387096
1362940,13629403,100,BS  ,Y ,1993-09-22,,165.68,778.84,17:21,8.0,0.0,12.0,0.0,2.0,4.0,613.7900000000001,604.54,9.25,778.84,13.36
1362860,13628603,100,BS  ,Y ,1994-05-09,,2235.91,2100.68,16:19,10.0,0.0,12.0,4.0,7.0,7.0,-135.23000000000005,-175.42999999999995,40.2,2100.68,9.256410256410257
1362858,13628583,500,MM  ,Y ,1994-12-16,,1561.41,592.84,18:32,12.0,0.0,12.0,2.0,5.0,9.0,-966.5,-986.6800000000001,20.18,592.84,9.153846153846153
1362717,13627173,100,BS  ,Y ,1994-11-16,,184.03,186.79,23:58,0.0,0.0,12.0,0.0,0.0,0.0,2.7600000000000002,0.0,2.7600000000000002,186.79,30.363636363636363
1362654,13626543,500,MM  ,Y ,1992-10-17,,784.53,622.46,20:02,3.0,0.0,12.0,1.0,1.0,4.0,-162.07,-186.85000000000002,24.78,622.46,16.7
1363043,13630433,500,MM  ,Y ,1994-12-31,,522.81,1379.43,17:02,12.0,0.0,12.0,3.0,4.0,5.0,856.6200000000001,825.67,30.95,1379.43,10.114285714285714
1362511,13625113,100,BS  ,Y ,1993-04-29,,282.9,748.73,17:47,10.0,0.0,12.0,5.0,4.0,9.0,466.37,458.0400000000001,8.33,748.73,9.282051282051283
1363308,13633083,100,BS  ,Y ,1994-08-10,,374.47,1585.57,19:07,6.0,0.0,11.0,0.0,5.0,1.0,1211.1000000000001,1205.4500000000003,5.65,1585.57,16.318181818181817
1362980,13629803,100,BS  ,Y ,1995-12-23,,232.0,310.32,17:05,13.0,0.0,12.0,4.0,5.0,6.0,78.32,74.73999999999995,3.5799999999999996,309.93,8.564102564102564
1363165,13631653,100,BS  ,Y ,1990-10-26,,273.67,57.08,18:28,3.0,0.0,12.0,2.0,0.0,5.0,-216.59000000000003,-219.37000000000003,2.7800000000000002,57.08,17.238095238095237
1362837,13628373,100,BS  ,Y ,1995-06-13,,169.9,545.76,18:41,4.0,1.0,12.0,2.0,2.0,4.0,376.5800000000001,368.0600000000001,8.52,545.76,13.916666666666666
1363022,13630223,100,BS  ,Y ,1995-01-16,,137.96,140.0,23:58,0.0,0.0,12.0,0.0,0.0,0.0,2.04,0.0,2.04,140.0,30.363636363636363
1363306,13633063,500,MM  ,Y ,1995-05-28,,698.96,1193.26,17:31,8.0,0.0,12.0,3.0,4.0,4.0,494.30000000000007,473.33000000000004,20.97,1193.26,11.133333333333333
1363491,13634913,100,BS  ,N ,1990-10-22,1995-04-19,205.45,17.82,16:11,5.0,0.0,3.0,1.0,6.0,3.0,-187.62999999999988,-188.89,1.2600000000000002,17.82,5.647058823529412
1363142,13631423,100,BS  ,Y ,1995-03-15,,398.62,404.63,23:58,0.0,0.0,12.0,0.0,0.0,0.0,6.01,0.0,6.01,404.63,30.363636363636363
1362614,13626143,100,BS  ,Y ,1995-11-16,,140.65,1534.73,16:39,17.0,0.0,12.0,1.0,4.0,6.0,1394.08,1389.77,4.31,1534.73,8.564102564102564
1362530,13625303,100,BS  ,Y ,1991-12-13,,569.85,900.52,18:12,4.0,0.0,12.0,2.0,3.0,5.0,330.6699999999999,321.54,9.129999999999999,900.52,13.92
1362879,13628793,100,BS  ,Y ,1995-06-18,,326.33,856.61,20:19,6.0,0.0,12.0,0.0,1.0,3.0,531.54,523.92,7.62,856.61,15.904761904761905
1363468,13634683,100,BS  ,Y ,1995-07-28,,273.99,927.28,16:46,9.0,22.0,12.0,8.0,1.0,10.0,653.29,648.0799999999999,5.21,927.28,5.475409836065574
1363348,13633483,100,BS  ,Y ,1993-08-24,,434.62,1628.76,17:20,17.0,0.0,11.0,2.0,3.0,13.0,1194.4099999999999,1185.24,9.17,1628.76,7.511111111111111
1363264,13632643,100,BS  ,Y ,1994-03-24,,2095.37,369.44,18:08,10.0,0.0,12.0,6.0,6.0,6.0,-1725.93,-1736.3200000000002,10.39,369.44,9.205128205128204
1362736,13627363,100,BS  ,Y ,1994-06-02,,2147.68,2180.1,23:58,0.0,0.0,12.0,0.0,0.0,0.0,32.42,0.0,32.42,2180.1,30.363636363636363
1363121,13631213,100,BS  ,Y ,1992-04-08,,120.94,122.74,23:58,0.0,0.0,12.0,0.0,0.0,0.0,1.7999999999999998,0.0,1.7999999999999998,122.74,30.363636363636363
1363205,13632053,100,BS  ,N ,1994-01-28,1995-12-22,119.55,1240.58,19:50,8.0,0.0,11.0,1.0,2.0,3.0,1122.65,1109.49,13.16,1240.58,14.375
1362713,13627133,100,BS  ,Y ,1995-09-04,,461.24,468.2,23:58,0.0,0.0,12.0,0.0,0.0,0.0,6.959999999999999,0.0,6.959999999999999,468.2,30.363636363636363
1363327,13633273,100,BS  ,Y ,1995-04-02,,278.05,401.43,18:47,11.0,0.0,12.0,1.0,2.0,5.0,123.38,119.03,4.35,401.43,11.133333333333333
1362509,13625093,100,BS  ,N ,1993-05-17,1995-08-07,147.84,337.82,15:40,20.0,0.0,7.0,2.0,3.0,11.0,189.98000000000005,183.79999999999995,6.18,337.82,4.976190476190476
1362919,13629193,100,BS  ,Y ,1995-11-01,,313.92,318.66,23:58,0.0,0.0,12.0,0.0,0.0,0.0,4.74,0.0,4.74,318.66,30.363636363636363
1362978,13629783,100,BS  ,Y ,1994-06-13,,238.16,28.91,15:46,8.0,0.0,12.0,5.0,6.0,9.0,-209.25,-214.66000000000005,5.41,28.91,9.256410256410257
1362715,13627153,100,BS  ,Y ,1989-11-11,,110.12,195.07,18:11,2.0,0.0,12.0,3.0,3.0,3.0,84.95,83.88,1.07,195.07,15.181818181818182
1363447,13634473,100,BS  ,Y ,1995-06-15,,185.85,671.09,18:47,6.0,0.0,12.0,3.0,1.0,4.0,485.24,480.64000000000004,4.6,671.09,13.36
1362572,13625723,100,BS  ,Y ,1993-11-17,,202.51,432.85,18:17,9.0,0.0,12.0,2.0,1.0,7.0,231.95999999999998,221.26,10.7,432.85,11.933333333333334
1362570,13625703,100,BS  ,Y ,1995-10-31,,171.55,174.16,23:58,0.0,0.0,12.0,0.0,0.0,0.0,2.61,0.0,2.61,174.16,30.363636363636363
1362633,13626333,100,BS  ,Y ,1992-10-23,,123.78,57.34,18:35,7.0,0.0,12.0,5.0,7.0,7.0,-66.44000000000004,-69.39000000000001,2.95,57.34,9.162162162162161
1362835,13628353,100,BS  ,Y ,1989-03-31,,2030.24,2060.9,23:58,0.0,0.0,12.0,0.0,0.0,0.0,30.66,0.0,30.66,2060.9,30.363636363636363
1363081,13630813,100,BS  ,Y ,1994-08-06,,323.49,765.22,19:26,3.0,0.0,12.0,1.0,0.0,5.0,441.73,435.12,6.609999999999999,765.22,17.95
1362549,13625493,100,BS  ,Y ,1993-03-22,,312.39,1039.96,16:11,15.0,5.0,12.0,2.0,5.0,6.0,728.8299999999999,715.5899999999999,13.24,1039.96,8.25
1362877,13628773,100,BS  ,Y ,1993-03-16,,311.74,629.45,18:40,12.0,0.0,12.0,2.0,5.0,2.0,317.7100000000001,311.6600000000001,6.050000000000001,629.45,11.34375
1363018,13630183,500,MM  ,Y ,1994-10-28,,11793.93,9387.66,15:30,10.0,0.0,12.0,7.0,7.0,12.0,-2405.19,-2693.96,288.77,9387.66,7.723404255319149
1363346,13633463,100,BS  ,Y ,1992-02-27,,327.16,332.08,23:58,0.0,0.0,12.0,0.0,0.0,0.0,4.92,0.0,4.92,332.08,30.363636363636363
1363283,13632833,100,BS  ,Y ,1995-04-18,,166.05,2.74,16:32,4.0,0.0,9.0,1.0,2.0,3.0,-163.31,-164.46999999999997,1.16,181.35,15.0
1362734,13627343,100,BS  ,N ,1993-08-20,1995-08-29,434.71,438.53,23:59,0.0,0.0,7.0,0.0,0.0,0.0,3.8200000000000003,0.0,3.8200000000000003,438.53,30.166666666666668
1362875,13628753,100,BS  ,Y ,1993-07-07,,128.91,449.66,21:00,3.0,0.0,12.0,3.0,0.0,3.0,320.75,314.17,6.58,449.66,17.7
1363203,13632033,500,MM  ,Y ,1995-06-23,,2704.88,3216.39,18:25,12.0,0.0,12.0,1.0,2.0,13.0,511.69000000000005,438.7399999999999,72.95,3216.39,8.564102564102564
1362671,13626713,100,BS  ,Y ,1995-05-26,,153.64,83.19,17:47,8.0,6.0,12.0,4.0,2.0,7.0,-70.44999999999993,-74.42000000000004,3.97,83.19,8.789473684210526
1363060,13630603,100,BS  ,Y ,1990-11-03,,675.99,1441.88,18:20,5.0,0.0,12.0,2.0,0.0,2.0,765.8900000000002,746.8100000000002,19.08,1441.88,17.05
1363140,13631403,100,BS  ,Y ,1995-01-05,,106.46,896.45,19:48,7.0,0.0,12.0,1.0,2.0,4.0,789.9899999999999,781.6899999999999,8.3,896.45,14.12
1363182,13631823,500,MM  ,Y ,1995-11-28,,3136.49,753.69,19:14,4.0,0.0,12.0,3.0,3.0,4.0,-2382.2599999999998,-2472.0199999999995,89.76,753.69,13.36
1362528,13625283,100,BS  ,Y ,1986-01-13,,262.55,269.93,18:23,7.0,0.0,12.0,1.0,1.0,10.0,7.3799999999999315,2.8799999999999955,4.5,269.93,11.633333333333333
1363243,13632433,100,BS  ,N ,1991-05-21,1995-08-06,310.62,760.1,16:45,5.0,0.0,7.0,1.0,2.0,2.0,450.83,443.42999999999995,7.3999999999999995,760.1,13.0
1362997,13629973,100,BS  ,Y ,1995-05-12,,198.95,201.95,23:58,0.0,0.0,12.0,0.0,0.0,0.0,3.0,0.0,3.0,201.95,30.363636363636363
1362631,13626313,100,BS  ,Y ,1991-06-17,,525.37,533.3,23:58,0.0,0.0,12.0,0.0,0.0,0.0,7.930000000000001,0.0,7.930000000000001,533.3,30.363636363636363
1363466,13634663,500,MM  ,Y ,1989-11-27,,542.05,1100.9,18:35,11.0,3.0,12.0,3.0,2.0,3.0,558.85,530.6800000000001,28.17,1100.9,11.030303030303031
1363344,13633443,100,BS  ,Y ,1995-12-20,,108.33,253.92,18:52,5.0,0.0,12.0,1.0,3.0,3.0,145.58999999999997,143.73,1.86,253.6,14.521739130434783
1362589,13625893,100,BS  ,Y ,1994-04-14,,218.78,833.68,17:02,8.0,0.0,12.0,3.0,3.0,6.0,615.71,607.5400000000001,8.17,833.68,11.709677419354838
1362936,13629363,500,MM  ,Y ,1995-02-15,,746.54,792.11,19:38,6.0,0.0,12.0,2.0,2.0,3.0,47.27999999999997,23.289999999999964,23.990000000000002,792.11,13.916666666666666
1362711,13627113,100,BS  ,Y ,1992-03-12,,223.6,38.87,19:16,5.0,1.0,12.0,2.0,3.0,4.0,-184.73,-187.03000000000003,2.3,38.87,12.846153846153847
1363201,13632013,100,BS  ,Y ,1995-06-22,,100.24,74.54,19:28,3.0,0.0,12.0,2.0,3.0,3.0,-25.700000000000006,-26.61,0.91,74.54,15.181818181818182
1363180,13631803,500,MM  ,Y ,1995-06-26,,766.58,405.61,17:47,10.0,0.0,12.0,10.0,3.0,5.0,-360.87999999999994,-380.32,19.44,405.61,8.564102564102564
1362793,13627933,500,MM  ,Y ,1994-10-11,,966.32,404.56,18:15,6.0,0.0,12.0,4.0,4.0,0.0,-561.5799999999999,-586.03,24.45,404.56,13.36
1362976,13629763,100,BS  ,Y ,1986-11-03,,203.2,137.99,18:07,4.0,0.0,12.0,4.0,2.0,7.0,-65.21,-70.55999999999997,5.35,137.99,12.821428571428571
1363262,13632623,500,MM  ,Y ,1994-07-15,,1919.95,6027.35,17:18,10.0,2.0,12.0,2.0,1.0,6.0,4107.669999999999,4004.52,103.15,6027.35,10.84375
1363445,13634453,500,MM  ,Y ,1987-06-24,,742.28,552.01,20:07,6.0,0.0,12.0,2.0,2.0,9.0,-190.0,-209.06999999999994,19.07,552.01,12.1
1362650,13626503,100,BS  ,Y ,1995-04-05,,155.66,149.2,18:19,10.0,0.0,12.0,5.0,2.0,9.0,-6.460000000000008,-8.610000000000014,2.15,149.01,9.027027027027026
1362568,13625683,100,BS  ,Y ,1995-01-10,,284.16,386.2,17:41,5.0,4.0,12.0,4.0,3.0,2.0,102.04000000000006,98.06,3.98,386.2,11.517241379310345
1363384,13633843,100,BS  ,Y ,1992-04-11,,823.5,3419.28,19:03,6.0,0.0,12.0,0.0,0.0,4.0,2595.78,2565.99,29.79,3419.28,16.61904761904762
1363037,13630373,100,BS  ,Y ,1992-04-01,,310.41,2054.92,17:34,8.0,0.0,12.0,1.0,1.0,3.0,1744.51,1723.42,21.09,2054.92,15.0
1363241,13632413,100,BS  ,Y ,1989-12-27,,273.49,1649.8,19:21,10.0,0.0,12.0,5.0,3.0,17.0,1376.8500000000001,1366.77,10.08,1649.8,7.782608695652174
1362894,13628943,500,MM  ,Y ,1990-02-03,,2013.26,360.28,18:59,3.0,2.0,12.0,2.0,2.0,7.0,-1652.98,-1681.35,28.369999999999997,360.28,13.481481481481481
1362486,13624863,100,BS  ,Y ,1989-07-13,,284.48,116.24,18:53,4.0,0.0,12.0,0.0,4.0,5.0,-168.23999999999995,-170.33999999999997,2.1,116.24,14.75
1362690,13626903,100,BS  ,N ,1994-02-28,1995-10-29,259.26,111.34,20:05,2.0,0.0,9.0,1.0,1.0,5.0,-147.92,-149.56,1.6400000000000001,111.34,15.764705882352942
1362955,13629553,100,BS  ,Y ,1995-07-19,,162.27,627.76,18:51,5.0,5.0,12.0,3.0,1.0,3.0,465.4900000000001,458.0800000000001,7.41,626.98,11.928571428571429
1363485,13634853,100,BS  ,Y ,1995-11-13,,155.4,157.76,23:58,0.0,0.0,12.0,0.0,0.0,0.0,2.3600000000000003,0.0,2.3600000000000003,157.76,30.363636363636363
1362669,13626693,100,BS  ,Y ,1990-12-05,,173.96,1693.81,18:28,10.0,0.0,12.0,5.0,3.0,3.0,1520.93,1499.58,21.35,1693.81,10.4375
1363342,13633423,100,BS  ,Y ,1993-04-17,,280.35,57.96,17:20,9.0,0.0,12.0,8.0,4.0,18.0,-222.38999999999993,-229.75999999999996,7.37,57.96,7.22
1363403,13634033,500,MM  ,Y ,1995-10-28,,1165.12,1590.22,20:14,5.0,0.0,12.0,0.0,1.0,3.0,425.1,385.35999999999996,39.74,1590.22,16.7
1363138,13631383,100,BS  ,Y ,1993-02-17,,268.3,1293.45,20:54,5.0,0.0,12.0,0.0,0.0,5.0,1025.15,1005.16,19.990000000000002,1293.45,17.333333333333332
1362526,13625263,100,BS  ,Y ,1994-03-15,,551.82,1145.74,18:27,5.0,0.0,12.0,3.0,2.0,2.0,594.82,582.45,12.37,1145.74,15.26086956521739
1363199,13631993,100,BS  ,Y ,1994-03-02,,118.45,251.39,19:56,5.0,0.0,12.0,1.0,2.0,1.0,132.94000000000005,127.52000000000007,5.42,251.39,18.15
1362791,13627913,100,BS  ,Y ,1994-02-24,,158.15,492.11,18:15,14.0,0.0,12.0,3.0,5.0,6.0,333.96,320.79999999999995,13.16,492.11,9.0
1362995,13629953,100,BS  ,Y ,1989-08-18,,473.67,2978.58,15:57,13.0,0.0,12.0,8.0,12.0,6.0,2504.91,2476.13,28.78,2978.58,7.16
1363117,13631173,100,BS  ,Y ,1989-12-25,,292.92,297.36,23:58,0.0,0.0,12.0,0.0,0.0,0.0,4.4399999999999995,0.0,4.4399999999999995,297.36,30.363636363636363
1362587,13625873,500,MM  ,Y ,1995-01-31,,628.68,1596.17,18:25,13.0,0.0,12.0,2.0,2.0,4.0,967.4899999999999,932.06,35.43,1596.17,10.4375
1363382,13633823,100,BS  ,Y ,1994-08-11,,108.39,272.05,18:40,5.0,2.0,12.0,1.0,1.0,3.0,163.66000000000003,158.98000000000002,4.68,272.05,15.652173913043478
1363321,13633213,100,BS  ,Y ,1994-07-23,,172.7,1009.61,16:47,12.0,0.0,12.0,3.0,2.0,7.0,836.9100000000002,817.8500000000001,19.06,1009.61,10.314285714285715
1362505,13625053,100,BS  ,N ,1992-06-12,1995-11-04,310.45,205.68,17:49,11.0,0.0,10.0,2.0,2.0,9.0,-104.41000000000004,-114.59,10.18,205.68,9.272727272727273
1362709,13627093,100,BS  ,Y ,1995-09-08,,134.28,917.33,16:26,13.0,0.0,12.0,7.0,2.0,6.0,783.05,778.54,4.51,917.33,8.564102564102564
1363361,13633613,100,BS  ,N ,1992-09-07,1995-06-04,195.18,172.8,17:17,4.0,0.0,5.0,1.0,2.0,3.0,-22.380000000000024,-25.829999999999984,3.45,172.8,10.214285714285714
1363035,13630353,500,MM  ,Y ,1995-01-13,,734.38,756.72,23:58,0.0,0.0,12.0,0.0,0.0,0.0,22.34,0.0,22.34,756.72,30.363636363636363
1362484,13624843,100,BS  ,Y ,1993-01-02,,194.76,2122.17,19:37,17.0,0.0,12.0,0.0,2.0,2.0,1929.66,1912.47,17.189999999999998,2122.17,11.25
1362749,13627493,100,BS  ,N ,1993-03-08,1995-09-17,147.15,136.05,17:57,3.0,0.0,8.0,0.0,2.0,3.0,-11.099999999999966,-11.879999999999981,0.78,136.05,16.8
1363422,13634223,100,BS  ,N ,1993-12-01,1995-02-05,423.51,14.34,14:17,6.0,0.0,1.0,5.0,4.0,5.0,-409.1699999999999,-409.2399999999999,0.07,28.69,1.6
1363014,13630143,100,BS  ,Y ,1995-07-10,,171.98,174.61,23:58,0.0,0.0,12.0,0.0,0.0,0.0,2.63,0.0,2.63,174.61,30.363636363636363
1362810,13628103,100,BS  ,Y ,1993-12-25,,183.59,731.5,21:31,5.0,0.0,12.0,3.0,0.0,4.0,548.27,539.08,9.19,731.5,14.869565217391305
1363197,13631973,100,BS  ,Y ,1993-10-10,,100.91,347.2,18:47,5.0,0.0,12.0,1.0,2.0,1.0,246.29000000000002,241.68000000000004,4.61,347.2,16.7
1362932,13629323,500,MM  ,Y ,1994-03-01,,744.52,523.84,16:53,11.0,0.0,12.0,4.0,5.0,8.0,-220.58999999999997,-240.9499999999999,20.36,523.84,9.205128205128204
1363462,13634623,100,BS  ,Y ,1991-10-22,,299.07,2034.99,19:46,6.0,0.0,12.0,3.0,1.0,2.0,1735.92,1722.87,13.05,2034.99,14.521739130434783
1362524,13625243,100,BS  ,Y ,1988-07-18,,147.65,619.05,18:18,5.0,0.0,12.0,1.0,4.0,4.0,471.4,467.95000000000005,3.45,619.05,13.36
1362850,13628503,100,BS  ,Y ,1991-07-29,,118.45,120.25,23:58,0.0,0.0,12.0,0.0,0.0,0.0,1.7999999999999998,0.0,1.7999999999999998,120.25,30.363636363636363
1362993,13629933,100,BS  ,Y ,1995-03-06,,147.68,435.7,17:06,8.0,0.0,12.0,7.0,5.0,6.0,288.0200000000001,284.13000000000005,3.89,435.16,9.027027027027026
1363176,13631763,100,BS  ,Y ,1994-11-29,,175.29,128.07,18:38,2.0,5.0,12.0,1.0,1.0,5.0,-47.21999999999997,-52.329999999999956,5.11,128.07,13.8
1363258,13632583,500,MM  ,Y ,1994-10-18,,776.38,845.68,19:38,5.0,2.0,12.0,3.0,4.0,2.0,69.56999999999998,44.61999999999996,24.95,845.68,13.0
1362890,13628903,100,BS  ,N ,1990-05-23,1995-01-18,104.78,104.78,,,,,,,,,,,,
1362972,13629723,100,BS  ,Y ,1992-02-28,,493.93,680.94,19:28,3.0,2.0,12.0,4.0,1.0,2.0,187.00999999999993,182.1699999999999,4.84,680.94,14.521739130434783
1363216,13632163,100,BS  ,Y ,1995-08-13,,136.52,105.54,16:24,10.0,0.0,12.0,5.0,4.0,9.0,-30.979999999999958,-36.220000000000084,5.24,105.54,8.564102564102564
1363441,13634413,100,BS  ,N ,1986-08-05,1995-08-23,118.53,581.29,16:50,10.0,0.0,7.0,2.0,4.0,4.0,462.75999999999993,461.46999999999997,1.29,581.29,8.923076923076923
1363012,13630123,100,BS  ,Y ,1995-05-08,,474.6,481.77,23:58,0.0,0.0,12.0,0.0,0.0,0.0,7.17,0.0,7.17,481.77,30.363636363636363
1363237,13632373,100,BS  ,Y ,1995-08-09,,745.49,756.74,23:58,0.0,0.0,12.0,0.0,0.0,0.0,11.25,0.0,11.25,756.74,30.363636363636363
1363481,13634813,100,BS  ,Y ,1994-07-12,,155.93,1606.92,17:57,12.0,0.0,12.0,4.0,1.0,4.0,1451.08,1436.21,14.870000000000001,1606.92,11.09375
1362829,13628293,100,BS  ,Y ,1995-12-12,,669.51,2510.16,19:33,7.0,0.0,12.0,3.0,3.0,6.0,1840.6500000000003,1828.2500000000002,12.399999999999999,2510.16,11.133333333333333
1362604,13626043,100,BS  ,Y ,1995-06-26,,232.26,233.76,17:06,11.0,0.0,12.0,3.0,1.0,13.0,1.4999999999999227,-2.2100000000000364,3.71,233.76,8.564102564102564
1362686,13626863,100,BS  ,Y ,1995-03-06,,147.46,162.53,20:01,5.0,0.0,12.0,3.0,3.0,2.0,15.070000000000004,13.030000000000001,2.04,162.53,13.916666666666666
1363338,13633383,100,BS  ,Y ,1993-06-22,,293.58,675.18,18:34,8.0,0.0,12.0,3.0,1.0,2.0,383.84999999999997,371.49,12.36,675.18,14.36
1362665,13626653,100,BS  ,Y ,1992-10-05,,2237.75,2144.37,17:22,8.0,4.0,12.0,6.0,2.0,5.0,-93.38000000000002,-125.09000000000003,31.71,2144.37,9.305555555555555
1362930,13629303,100,BS  ,Y ,1993-07-28,,204.4,800.42,20:09,4.0,0.0,12.0,1.0,2.0,3.0,596.02,583.88,12.14,800.42,17.285714285714285
1362991,13629913,100,BS  ,Y ,1991-12-16,,154.65,369.81,19:58,4.0,0.0,12.0,1.0,2.0,5.0,215.25,213.25,2.0,369.81,15.782608695652174
1363195,13631953,100,BS  ,Y ,1993-09-24,,291.56,764.77,19:49,4.0,0.0,12.0,3.0,1.0,2.0,473.21000000000004,466.87,6.34,764.77,16.61904761904762
1362848,13628483,500,MM  ,Y ,1990-08-07,,5265.17,4844.42,18:22,4.0,0.0,12.0,4.0,2.0,2.0,-420.03000000000003,-572.77,152.74,4844.42,14.521739130434783
1363317,13633173,100,BS  ,Y ,1988-12-26,,183.77,186.53,23:58,0.0,0.0,12.0,0.0,0.0,0.0,2.7600000000000002,0.0,2.7600000000000002,186.53,30.363636363636363
1362644,13626443,100,BS  ,Y ,1995-06-10,,130.48,132.42,23:58,0.0,0.0,12.0,0.0,0.0,0.0,1.94,0.0,1.94,132.42,30.363636363636363
1362909,13629093,100,BS  ,Y ,1993-05-30,,1132.28,1149.38,23:58,0.0,0.0,12.0,0.0,0.0,0.0,17.099999999999998,0.0,17.099999999999998,1149.38,30.363636363636363
1363113,13631133,500,MM  ,Y ,1995-12-05,,1205.12,1241.78,23:58,0.0,0.0,12.0,0.0,0.0,0.0,41.7,0.0,41.7,1241.78,30.363636363636363
1362766,13627663,100,BS  ,Y ,1990-11-29,,11352.93,22432.78,16:55,19.0,0.0,12.0,5.0,2.0,17.0,11079.94,10761.77,318.17,22432.78,6.703703703703703
1362705,13627053,100,BS  ,Y ,1995-12-02,,221.12,1415.16,18:23,9.0,0.0,12.0,2.0,3.0,6.0,1194.04,1189.19,4.8500000000000005,1415.16,10.774193548387096
1362623,13626233,100,BS  ,Y ,1995-03-26,,139.52,140.14,22:45,0.0,2.0,12.0,0.0,0.0,0.0,0.62,-1.5,2.12,140.14,25.692307692307693
1362970,13629703,100,BS  ,Y ,1995-07-08,,273.94,278.07,23:58,0.0,0.0,12.0,0.0,0.0,0.0,4.13,0.0,4.13,278.07,30.363636363636363
1362480,13624803,100,BS  ,Y ,1992-12-23,,707.09,1187.97,18:22,6.0,0.0,12.0,4.0,2.0,2.0,482.3200000000002,465.3,17.02,1187.97,14.48
1362562,13625623,100,BS  ,Y ,1995-06-23,,391.96,3864.77,18:02,14.0,0.0,12.0,4.0,3.0,7.0,3472.81,3445.65,27.16,3864.77,8.564102564102564
1362602,13626023,500,MM  ,Y ,1995-01-29,,1269.7,2735.3,16:42,14.0,1.0,12.0,5.0,3.0,6.0,1465.6,1410.6899999999998,54.91,2735.3,8.35
1362827,13628273,500,MM  ,Y ,1993-02-03,,560.98,306.35,16:43,16.0,0.0,12.0,8.0,9.0,10.0,-254.08999999999992,-276.4599999999999,22.369999999999997,306.35,6.62962962962963
1363071,13630713,100,BS  ,N ,1994-08-15,1995-07-10,2167.05,1083.77,15:16,6.0,0.0,6.0,3.0,2.0,10.0,-1083.28,-1091.8000000000002,8.52,1083.77,6.653846153846154
1363296,13632963,100,BS  ,Y ,1991-06-28,,2285.95,2505.34,18:26,10.0,0.0,12.0,4.0,3.0,2.0,221.27999999999992,182.13999999999996,39.14,2505.34,11.766666666666667
1363336,13633363,100,BS  ,Y ,1993-01-10,,241.37,126.05,16:31,8.0,0.0,12.0,5.0,2.0,12.0,-115.32000000000009,-118.79000000000005,3.47,126.05,9.026315789473685
1363092,13630923,100,BS  ,Y ,1995-07-28,,257.16,397.29,19:52,5.0,0.0,12.0,5.0,5.0,1.0,140.13,137.09000000000003,3.04,397.29,12.37037037037037
1363193,13631933,100,BS  ,Y ,1992-10-19,,282.76,598.57,19:27,6.0,0.0,12.0,2.0,1.0,4.0,315.80999999999995,313.3999999999999,2.41,598.57,15.041666666666666
1362949,13629493,100,BS  ,Y ,1994-08-03,,102.63,389.24,18:20,11.0,0.0,12.0,5.0,5.0,5.0,286.7,279.29,7.41,389.24,9.027027027027026
1362785,13627853,100,BS  ,Y ,1993-06-25,,349.7,337.9,19:43,4.0,0.0,12.0,1.0,4.0,1.0,-11.799999999999999,-16.71999999999997,4.92,337.9,15.904761904761905
1363010,13630103,100,BS  ,Y ,1992-09-09,,226.58,883.63,19:09,7.0,0.0,12.0,1.0,1.0,1.0,657.32,645.49,11.83,883.63,17.19047619047619
1362642,13626423,100,BS  ,Y ,1994-09-25,,180.22,91.21,19:05,7.0,0.0,12.0,2.0,5.0,5.0,-89.00999999999995,-92.3,3.29,91.21,12.133333333333333
1362806,13628063,500,MM  ,Y ,1995-12-10,,1430.22,284.58,17:35,7.0,0.0,12.0,5.0,3.0,13.0,-1145.6399999999999,-1186.1799999999998,40.54,284.58,8.564102564102564
1363376,13633763,100,BS  ,Y ,1995-02-14,,344.08,1345.44,18:36,13.0,0.0,12.0,2.0,6.0,3.0,1001.72,979.8300000000003,21.89,1345.44,9.542857142857143
1363458,13634583,100,BS  ,Y ,1992-01-06,,215.86,160.66,17:20,7.0,0.0,12.0,3.0,4.0,5.0,-55.199999999999974,-57.06,1.86,160.66,11.933333333333334
1363233,13632333,100,BS  ,N ,1993-09-28,1995-04-25,453.28,161.69,16:51,3.0,0.0,3.0,4.0,2.0,5.0,-291.59000000000003,-292.56,0.97,161.69,6.625
1363254,13632543,100,BS  ,N ,1993-12-04,1995-08-28,2001.91,2019.49,23:59,0.0,0.0,7.0,0.0,0.0,0.0,17.58,0.0,17.58,2019.49,30.166666666666668
1363029,13630293,100,BS  ,Y ,1989-11-16,,244.25,304.93,19:23,4.0,0.0,12.0,3.0,2.0,3.0,60.679999999999986,58.48999999999998,2.19,304.93,15.304347826086957
1362703,13627033,500,MM  ,Y ,1992-04-10,,7144.42,7144.39,16:42,9.0,0.0,12.0,4.0,2.0,9.0,0.23999999999995936,-216.8,217.04,7144.39,9.885714285714286
1362621,13626213,500,MM  ,Y ,1994-03-01,,727.98,1498.4,20:41,6.0,0.0,12.0,1.0,1.0,1.0,770.51,744.0799999999999,26.43,1498.4,16.7
1362968,13629683,500,MM  ,Y ,1994-08-30,,795.43,510.19,19:21,5.0,0.0,12.0,1.0,1.0,6.0,-282.2700000000001,-299.07,16.8,508.92,14.375
1363090,13630903,100,BS  ,Y ,1995-10-20,,156.33,158.73,23:58,0.0,0.0,12.0,0.0,0.0,0.0,2.4000000000000004,0.0,2.4000000000000004,158.73,30.363636363636363
1362825,13628253,100,BS  ,Y ,1994-05-18,,175.22,50.77,15:10,8.0,0.0,12.0,4.0,3.0,9.0,-124.44999999999999,-126.54999999999998,2.1,50.77,10.285714285714286
1363355,13633553,100,BS  ,Y ,1995-03-07,,2062.29,2229.96,19:55,5.0,1.0,12.0,0.0,1.0,4.0,167.67000000000004,137.50000000000003,30.17,2229.96,15.181818181818182
1363294,13632943,500,MM  ,Y ,1994-06-06,,741.25,763.8,23:58,0.0,0.0,12.0,0.0,0.0,0.0,22.55,0.0,22.55,763.8,30.363636363636363
1362743,13627433,100,BS  ,Y ,1995-02-13,,2205.14,2885.15,18:45,3.0,0.0,12.0,2.0,4.0,3.0,680.64,641.33,39.31,2885.15,14.521739130434783
1362682,13626823,100,BS  ,Y ,1995-04-01,,240.19,243.79,23:58,0.0,0.0,12.0,0.0,0.0,0.0,3.5999999999999996,0.0,3.5999999999999996,243.79,30.363636363636363
1362804,13628043,100,BS  ,Y ,1987-11-09,,445.15,450.37,19:09,3.0,0.0,12.0,2.0,2.0,2.0,5.75999999999993,0.8199999999999932,4.94,450.37,17.95
1363008,13630083,500,MM  ,Y ,1992-12-29,,9066.08,9341.84,23:58,0.0,0.0,12.0,0.0,0.0,0.0,276.39,0.0,276.39,9341.84,30.363636363636363
1363334,13633343,100,BS  ,Y ,1995-01-28,,259.3,478.96,18:40,6.0,0.0,12.0,3.0,5.0,4.0,219.65999999999988,216.4399999999999,3.2199999999999998,478.96,11.517241379310345
1363130,13631303,100,BS  ,Y ,1994-06-22,,122.54,68.7,18:03,9.0,0.0,12.0,2.0,4.0,4.0,-53.84000000000004,-55.99000000000004,2.15,68.7,11.133333333333333
1362661,13626613,500,MM  ,Y ,1995-11-02,,818.48,2226.62,18:04,14.0,0.0,12.0,5.0,4.0,5.0,1414.4399999999998,1378.02,36.42,2226.62,8.564102564102564
1362722,13627223,100,BS  ,Y ,1995-10-30,,257.31,261.18,23:58,0.0,0.0,12.0,0.0,0.0,0.0,3.87,0.0,3.87,261.18,30.363636363636363
1362926,13629263,100,BS  ,Y ,1990-11-03,,131.22,1230.28,18:56,10.0,0.0,12.0,2.0,5.0,2.0,1099.06,1079.49,19.57,1230.28,12.033333333333333
1362844,13628443,100,BS  ,Y ,1994-08-17,,142.75,1493.41,16:49,9.0,0.0,12.0,9.0,1.0,5.0,1350.66,1331.1000000000001,19.560000000000002,1493.41,10.257142857142858
1363395,13633953,100,BS  ,Y ,1987-01-26,,134.14,136.18,23:58,0.0,0.0,12.0,0.0,0.0,0.0,2.04,0.0,2.04,136.18,30.363636363636363
1362701,13627013,100,BS  ,Y ,1995-06-03,,204.92,1805.16,19:33,6.0,0.0,12.0,1.0,2.0,5.0,1600.24,1589.69,10.55,1805.16,13.36
1362783,13627833,100,BS  ,Y ,1987-06-06,,276.9,699.58,17:41,6.0,1.0,12.0,1.0,1.0,2.0,422.68000000000006,416.06000000000006,6.62,699.58,15.5
1362823,13628233,100,BS  ,Y ,1992-06-08,,428.17,491.88,19:27,4.0,0.0,12.0,2.0,2.0,1.0,64.07000000000002,48.8599999999999,15.209999999999999,491.88,16.7
1363252,13632523,100,BS  ,Y ,1995-02-03,,179.27,181.99,23:58,0.0,0.0,12.0,0.0,0.0,0.0,2.72,0.0,2.72,181.99,30.363636363636363
1362537,13625373,100,BS  ,Y ,1990-03-25,,121.43,1603.69,17:45,8.0,2.0,12.0,2.0,1.0,3.0,1482.26,1475.1399999999999,7.12,1603.69,12.37037037037037
1362640,13626403,500,MM  ,Y ,1994-06-08,,573.39,1698.93,18:54,11.0,2.0,12.0,3.0,2.0,5.0,1125.72,1082.6599999999999,43.06,1698.93,10.058823529411764
1363006,13630063,100,BS  ,Y ,1994-11-20,,242.01,245.66,23:58,0.0,0.0,12.0,0.0,0.0,0.0,3.65,0.0,3.65,245.66,30.363636363636363
1362905,13629053,500,MM  ,Y ,1991-05-30,,522.29,688.98,18:10,4.0,2.0,12.0,1.0,0.0,4.0,167.23000000000002,145.85000000000002,21.38,688.98,15.181818181818182
1363128,13631283,100,BS  ,Y ,1994-04-27,,2178.79,2211.69,23:58,0.0,0.0,12.0,0.0,0.0,0.0,32.9,0.0,32.9,2211.69,30.363636363636363
1363374,13633743,500,MM  ,Y ,1995-08-10,,583.39,601.14,23:58,0.0,0.0,12.0,0.0,0.0,0.0,17.75,0.0,17.75,601.14,30.363636363636363
1362720,13627203,500,MM  ,Y ,1993-10-18,,653.94,1497.85,16:52,13.0,0.0,12.0,6.0,1.0,8.0,844.9,802.71,42.190000000000005,1497.85,9.205128205128204
1362497,13624973,500,MM  ,Y ,1992-06-10,,572.95,10.86,16:09,8.0,0.0,12.0,2.0,5.0,10.0,-562.09,-566.36,4.27,10.86,9.972222222222221
1362985,13629853,500,MM  ,Y ,1995-01-22,,790.76,1967.7,18:58,10.0,0.0,12.0,4.0,3.0,7.0,1177.4799999999998,1146.84,30.64,1967.7,9.542857142857143
1362966,13629663,100,BS  ,Y ,1993-10-17,,174.49,124.13,21:02,4.0,0.0,12.0,2.0,2.0,5.0,-50.36000000000002,-52.91,2.55,124.13,13.916666666666666
1363454,13634543,100,BS  ,Y ,1990-08-10,,253.3,782.26,17:45,7.0,0.0,12.0,2.0,1.0,4.0,529.5,515.9200000000001,13.58,782.26,13.36
1362619,13626193,500,MM  ,Y ,1993-04-27,,1099.65,1133.1,23:58,0.0,0.0,12.0,0.0,0.0,0.0,33.449999999999996,0.0,33.449999999999996,1133.1,30.363636363636363
1363046,13630463,100,BS  ,Y ,1995-05-12,,204.24,561.55,18:56,4.0,0.0,12.0,0.0,1.0,4.0,357.31,351.62,5.6899999999999995,561.55,16.7
1363088,13630883,100,BS  ,Y ,1991-01-21,,430.47,1426.1,18:16,9.0,0.0,12.0,4.0,3.0,5.0,995.6300000000001,985.38,10.25,1426.1,10.4375
1363311,13633113,100,BS  ,Y ,1995-03-07,,636.72,299.67,18:26,3.0,1.0,12.0,2.0,3.0,6.0,-337.05,-343.3299999999999,6.28,299.67,12.846153846153847
1363353,13633533,100,BS  ,N ,1989-06-23,1995-04-13,264.84,1663.95,14:25,14.0,0.0,2.0,2.0,3.0,5.0,1399.11,1397.28,1.83,1663.95,3.8
1362903,13629033,100,BS  ,Y ,1995-10-02,,3317.38,3704.8,20:24,7.0,1.0,12.0,0.0,0.0,6.0,387.41999999999996,336.23999999999995,51.18,3700.17,13.36
1362945,13629453,500,MM  ,N ,1991-09-16,1995-07-04,568.54,1804.89,17:29,7.0,0.0,6.0,2.0,2.0,3.0,1236.3500000000001,1219.31,17.04,1804.89,8.789473684210526
1363168,13631683,100,BS  ,Y ,1995-02-10,,1210.75,2333.47,17:46,5.0,0.0,12.0,1.0,2.0,5.0,1122.7199999999998,1106.82,15.9,2333.47,13.916666666666666
1363414,13634143,500,MM  ,Y ,1992-09-23,,991.56,1411.05,19:53,4.0,0.0,12.0,0.0,0.0,5.0,419.4900000000001,384.2700000000001,35.22,1411.05,16.7
1362556,13625563,100,BS  ,Y ,1989-01-21,,519.43,439.42,19:37,3.0,0.0,12.0,4.0,1.0,2.0,-79.20000000000012,-86.84000000000003,7.640000000000001,439.42,16.61904761904762
1363210,13632103,100,BS  ,Y ,1995-08-04,,112.25,52.26,18:47,2.0,0.0,12.0,4.0,0.0,4.0,-59.990000000000016,-61.78999999999999,1.8,52.26,15.904761904761905
1363025,13630253,500,MM  ,N ,1990-08-30,1995-03-04,711.18,3136.9,13:03,13.0,0.0,2.0,5.0,3.0,3.0,2425.7200000000003,2413.96,11.76,3136.9,2.36
1363271,13632713,100,BS  ,Y ,1994-04-25,,284.06,678.94,17:36,10.0,0.0,12.0,2.0,3.0,6.0,394.8800000000001,387.43,7.45,678.94,10.4375
1363290,13632903,100,BS  ,Y ,1995-08-09,,2229.39,2594.47,20:05,11.0,1.0,12.0,3.0,1.0,4.0,365.08,328.94,36.14,2594.47,10.774193548387096
1363067,13630673,100,BS  ,Y ,1993-11-25,,284.01,288.33,23:58,0.0,0.0,12.0,0.0,0.0,0.0,4.32,0.0,4.32,288.33,30.363636363636363
1363351,13633513,100,BS  ,N ,1991-04-25,1995-05-01,212.73,213.81,23:59,0.0,0.0,4.0,0.0,0.0,0.0,1.08,0.0,1.08,213.81,29.666666666666668
1362659,13626593,500,MM  ,Y ,1995-05-23,,575.93,315.94,16:48,16.0,4.0,12.0,4.0,8.0,10.0,-259.8999999999999,-274.03,14.129999999999999,315.94,6.30188679245283
1363147,13631473,100,BS  ,Y ,1987-11-13,,2178.01,1152.38,18:27,12.0,0.0,12.0,2.0,6.0,4.0,-1025.63,-1052.79,27.16,1152.38,10.228571428571428
1362924,13629243,500,MM  ,Y ,1994-03-08,,5131.67,5287.76,23:58,0.0,0.0,12.0,0.0,0.0,0.0,157.62,0.0,157.62,5287.76,30.363636363636363
1363208,13632083,100,BS  ,Y ,1995-08-14,,150.23,1094.05,17:15,15.0,0.0,12.0,0.0,5.0,8.0,943.82,934.27,9.55,1094.05,8.564102564102564
1362781,13627813,500,MM  ,Y ,1995-07-20,,961.57,2797.34,19:42,7.0,0.0,12.0,1.0,1.0,1.0,1836.49,1785.44,51.05,2797.34,15.904761904761905
1363004,13630043,100,BS  ,Y ,1993-06-17,,167.29,169.81,23:58,0.0,0.0,12.0,0.0,0.0,0.0,2.52,0.0,2.52,169.81,30.363636363636363
1362964,13629643,100,BS  ,N ,1987-06-03,1995-07-13,118.49,119.39,23:59,0.0,0.0,6.0,0.0,0.0,0.0,0.8999999999999999,0.0,0.8999999999999999,119.39,30.0
1362596,13625963,500,MM  ,Y ,1995-07-16,,544.45,259.05,18:59,6.0,1.0,12.0,1.0,4.0,2.0,-285.4,-300.30999999999995,14.91,259.05,13.36
1363229,13632293,500,MM  ,Y ,1995-08-17,,541.97,536.08,19:03,3.0,6.0,12.0,4.0,0.0,2.0,-5.88999999999999,-22.549999999999983,16.66,536.08,12.846153846153847
1362718,13627183,500,MM  ,Y ,1994-12-29,,1861.61,1918.23,23:58,0.0,0.0,12.0,0.0,0.0,0.0,56.62,0.0,56.62,1918.23,30.363636363636363
1362617,13626173,100,BS  ,Y ,1995-05-18,,135.98,138.02,23:58,0.0,0.0,12.0,0.0,0.0,0.0,2.04,0.0,2.04,138.02,30.363636363636363
1363187,13631873,100,BS  ,Y ,1992-05-21,,330.7,335.7,23:58,0.0,0.0,12.0,0.0,0.0,0.0,5.0,0.0,5.0,335.7,30.363636363636363
1363086,13630863,100,BS  ,Y ,1994-03-12,,192.71,1196.95,18:29,4.0,2.0,12.0,2.0,0.0,3.0,1004.24,992.32,11.92,1196.95,16.454545454545453
1363452,13634523,100,BS  ,Y ,1995-12-28,,2423.96,1874.79,17:05,10.0,0.0,12.0,3.0,5.0,10.0,-544.3100000000001,-585.05,40.74,1984.5,8.564102564102564
1363126,13631263,100,BS  ,Y ,1995-05-01,,951.62,3138.91,17:49,9.0,1.0,12.0,2.0,2.0,6.0,2187.65,2157.9700000000003,29.68,3138.91,10.774193548387096
1362697,13626973,500,MM  ,Y ,1994-07-15,,598.02,596.47,18:43,4.0,0.0,12.0,0.0,1.0,4.0,0.0700000000000125,-18.64999999999999,18.72,596.47,17.3
1363370,13633703,100,BS  ,Y ,1993-10-05,,146.95,149.17,23:58,0.0,0.0,12.0,0.0,0.0,0.0,2.2199999999999998,0.0,2.2199999999999998,149.17,30.363636363636363
1363492,13634923,100,BS  ,Y ,1991-12-31,,952.38,1116.1,19:31,5.0,0.0,12.0,3.0,2.0,3.0,164.08000000000015,149.67000000000007,14.41,1116.1,13.916666666666666
1363288,13632883,500,MM  ,Y ,1994-05-23,,1049.82,244.85,18:29,5.0,0.0,12.0,2.0,4.0,8.0,-803.89,-835.29,31.4,244.85,12.1
1362880,13628803,100,BS  ,Y ,1992-11-01,,232.19,551.31,17:34,15.0,8.0,12.0,5.0,6.0,5.0,319.12,315.18,3.94,551.31,7.22
1363145,13631453,100,BS  ,N ,1994-01-11,1995-05-08,109.29,444.57,15:18,5.0,0.0,4.0,1.0,1.0,2.0,335.28,334.05999999999995,1.2200000000000002,444.57,7.416666666666667
1363471,13634713,100,BS  ,Y ,1995-03-22,,259.96,1777.03,20:31,6.0,1.0,12.0,1.0,0.0,2.0,1517.07,1505.6,11.47,1777.03,15.904761904761905
1362941,13629413,100,BS  ,N ,1990-08-01,1995-02-01,149.15,877.14,13:22,8.0,0.0,1.0,7.0,3.0,8.0,727.99,726.74,1.25,877.14,1.1923076923076923
1362594,13625943,500,MM  ,Y ,1994-06-29,,1985.18,6619.84,16:30,8.0,0.0,12.0,6.0,2.0,10.0,4635.469999999999,4516.26,119.21000000000001,6619.84,9.675675675675675
1363410,13634103,500,MM  ,Y ,1995-05-26,,869.13,895.56,23:58,0.0,0.0,12.0,0.0,0.0,0.0,26.43,0.0,26.43,895.56,30.363636363636363
1363328,13633283,100,BS  ,Y ,1995-12-28,,102.26,1308.55,19:35,7.0,0.0,12.0,0.0,0.0,2.0,1206.29,1203.23,3.06,1308.55,16.7
1363267,13632673,100,BS  ,Y ,1995-12-22,,840.79,1699.39,18:26,5.0,0.0,12.0,4.0,1.0,3.0,864.18,844.8599999999999,19.32,1697.27,13.916666666666666
1362920,13629203,500,MM  ,Y ,1995-11-04,,718.13,739.98,23:58,0.0,0.0,12.0,0.0,0.0,0.0,21.85,0.0,21.85,739.98,30.363636363636363
1363389,13633893,500,MM  ,Y ,1992-05-25,,719.95,177.4,17:53,10.0,0.0,12.0,3.0,5.0,7.0,-542.55,-553.36,10.81,177.4,10.0
1362777,13627773,100,BS  ,Y ,1995-02-14,,327.1,29.46,16:38,12.0,1.0,12.0,13.0,8.0,9.0,-297.64,-300.89,3.25,29.46,6.185185185185185
1362512,13625123,100,BS  ,N ,1993-01-25,1995-05-09,129.62,1194.36,14:32,9.0,0.0,4.0,1.0,1.0,3.0,1064.74,1062.3600000000001,2.38,1194.36,5.705882352941177
1362573,13625733,500,MM  ,Y ,1990-06-17,,10712.86,10399.11,17:41,12.0,0.0,12.0,3.0,6.0,7.0,-313.74999999999994,-622.1699999999998,308.42,10399.11,8.871794871794872
1363450,13634503,100,BS  ,Y ,1994-03-11,,136.04,1018.62,19:05,7.0,1.0,12.0,3.0,0.0,4.0,882.58,869.73,12.85,1018.62,13.884615384615385
1362899,13628993,500,MM  ,Y ,1993-04-30,,1769.93,1823.77,23:58,0.0,0.0,12.0,0.0,0.0,0.0,53.84,0.0,53.84,1823.77,30.363636363636363
1362838,13628383,100,BS  ,Y ,1994-12-18,,279.57,1013.94,16:15,17.0,0.0,12.0,4.0,4.0,11.0,734.3699999999999,724.57,9.8,1013.94,7.659574468085107
1363164,13631643,100,BS  ,Y ,1994-03-30,,169.19,258.05,18:00,6.0,0.0,12.0,5.0,2.0,12.0,88.86,86.80000000000001,2.06,258.05,10.083333333333334
1363307,13633073,100,BS  ,N ,1994-12-30,1995-07-09,304.25,265.35,16:38,11.0,0.0,6.0,5.0,5.0,6.0,-38.90000000000002,-40.06000000000002,1.1600000000000001,265.35,5.625
1363490,13634903,100,BS  ,Y ,1994-11-27,,2267.29,2301.53,23:58,0.0,0.0,12.0,0.0,0.0,0.0,34.24,0.0,34.24,2301.53,30.363636363636363
1362960,13629603,100,BS  ,Y ,1986-07-24,,6223.15,6273.27,17:21,8.0,0.0,12.0,2.0,3.0,8.0,50.119999999999905,-50.42000000000007,100.54,6273.27,10.4375
1362613,13626133,100,BS  ,Y ,1995-12-30,,236.65,338.98,18:44,6.0,6.0,12.0,1.0,0.0,3.0,102.32999999999998,98.61000000000001,3.7199999999999998,139.49,12.37037037037037
1363429,13634293,100,BS  ,Y ,1990-09-24,,169.38,171.9,23:58,0.0,0.0,12.0,0.0,0.0,0.0,2.52,0.0,2.52,171.9,30.363636363636363
1363347,13633473,500,MM  ,Y ,1995-05-27,,794.25,512.64,18:49,8.0,0.0,12.0,5.0,0.0,8.0,-280.88999999999993,-300.0299999999999,19.14,512.64,10.4375
1362817,13628173,100,BS  ,Y ,1991-03-28,,143.63,754.8,18:46,9.0,0.0,12.0,0.0,2.0,7.0,611.17,602.47,8.7,754.8,12.10344827586207
1362939,13629393,500,MM  ,Y ,1993-01-18,,1637.19,1173.89,18:13,10.0,0.0,12.0,3.0,5.0,10.0,-462.21999999999986,-498.42999999999984,36.21,1173.89,8.564102564102564
1363286,13632863,100,BS  ,N ,1991-05-03,1995-03-25,117.92,1289.52,14:42,5.0,0.0,2.0,0.0,3.0,1.0,1171.6,1170.13,1.47,1118.01,7.8
1362735,13627353,100,BS  ,Y ,1995-09-16,,117.95,288.87,19:08,6.0,0.0,12.0,3.0,2.0,7.0,170.92000000000002,168.04999999999998,2.87,288.87,11.517241379310345
1362674,13626743,100,BS  ,N ,1994-06-21,1995-06-27,128.4,8.21,16:01,4.0,0.0,5.0,0.0,2.0,5.0,-120.19,-120.58999999999997,0.4,8.21,9.733333333333333
1363469,13634693,100,BS  ,Y ,1995-04-08,,2055.19,1701.12,20:38,2.0,5.0,12.0,3.0,0.0,4.0,-353.53,-381.09999999999997,27.57,1701.12,13.36
1363408,13634083,100,BS  ,Y ,1990-01-12,,373.08,1056.1,17:32,6.0,6.0,12.0,3.0,0.0,5.0,683.02,676.98,6.04,1056.1,11.096774193548388
1363326,13633263,100,BS  ,Y ,1995-03-25,,570.24,578.09,23:01,0.0,1.0,12.0,0.0,0.0,0.0,7.85,-0.75,8.6,578.09,27.833333333333332
1362796,13627963,500,MM  ,Y ,1989-01-15,,680.95,1087.47,19:23,5.0,0.0,12.0,1.0,3.0,1.0,407.06,383.94000000000005,23.119999999999997,1087.47,15.904761904761905
1362918,13629183,100,BS  ,Y ,1995-08-31,,318.67,270.7,19:24,3.0,0.0,12.0,2.0,1.0,6.0,-47.97,-53.110000000000014,5.140000000000001,270.7,14.521739130434783
1363265,13632653,100,BS  ,Y ,1995-07-07,,193.55,900.52,18:28,5.0,2.0,12.0,1.0,2.0,1.0,706.97,700.23,6.74,900.52,15.181818181818182
1363387,13633873,100,BS  ,Y ,1990-09-18,,164.19,110.52,17:46,10.0,0.0,12.0,3.0,7.0,6.0,-53.67,-56.94,3.27,110.52,9.054054054054054
1362857,13628573,500,MM  ,Y ,1991-01-20,,659.39,196.62,18:51,3.0,0.0,12.0,3.0,1.0,5.0,-462.77000000000015,-487.1500000000001,24.38,196.62,15.391304347826088
1363040,13630403,100,BS  ,Y ,1995-04-29,,459.1,37.27,20:27,3.0,0.0,12.0,4.0,2.0,5.0,-421.83,-426.26,4.43,37.27,13.36
1363448,13634483,500,MM  ,Y ,1990-10-13,,860.18,1763.31,16:27,14.0,0.0,12.0,4.0,5.0,5.0,903.85,870.48,33.37,1763.31,8.820512820512821
1363366,13633663,100,BS  ,Y ,1995-11-23,,465.29,7471.81,17:39,10.0,0.0,12.0,5.0,4.0,9.0,7006.5199999999995,6990.75,15.77,7471.81,8.564102564102564
1362571,13625713,100,BS  ,Y ,1991-02-23,,2053.57,1741.09,19:58,2.0,0.0,12.0,2.0,1.0,4.0,-312.30000000000007,-339.5300000000001,27.23,1741.09,17.9
1362489,13624893,100,BS  ,Y ,1993-09-13,,760.24,373.65,19:51,3.0,0.0,12.0,3.0,1.0,3.0,-386.59000000000003,-394.68000000000006,8.09,373.65,16.047619047619047
1362836,13628363,100,BS  ,N ,1991-08-29,1995-10-10,237.76,1009.19,16:35,12.0,0.0,9.0,7.0,8.0,9.0,771.4300000000001,766.69,4.74,1009.19,6.181818181818182
1362754,13627543,100,BS  ,Y ,1990-01-11,,300.47,240.75,19:41,3.0,0.0,12.0,1.0,2.0,3.0,-59.719999999999985,-61.579999999999956,1.8599999999999999,240.75,16.7
1363101,13631013,100,BS  ,Y ,1995-12-09,,5929.02,6015.58,22:33,0.0,4.0,12.0,0.0,0.0,0.0,86.56,-3.0,89.56,6015.58,22.266666666666666
1363223,13632233,100,BS  ,Y ,1992-06-13,,2653.96,2771.42,20:40,3.0,0.0,12.0,0.0,1.0,5.0,117.55,75.0,42.55,2771.42,16.7
1362693,13626933,100,BS  ,Y ,1995-02-06,,167.24,10.34,19:51,2.0,0.0,12.0,2.0,6.0,2.0,-156.89999999999998,-157.72,0.82,10.34,14.521739130434783
1363080,13630803,100,BS  ,Y ,1994-05-07,,321.16,691.59,21:11,5.0,0.0,12.0,2.0,1.0,1.0,370.43,363.1,7.33,691.59,16.7
1362550,13625503,500,MM  ,Y ,1995-03-27,,638.67,487.77,18:12,3.0,0.0,12.0,5.0,0.0,6.0,-150.36,-166.67,16.31,487.77,13.36
1362590,13625903,500,MM  ,Y ,1993-08-11,,541.95,558.44,23:58,0.0,0.0,12.0,0.0,0.0,0.0,16.49,0.0,16.49,558.44,30.363636363636363
1362815,13628153,500,MM  ,Y ,1995-11-13,,594.33,348.98,19:20,5.0,0.0,12.0,0.0,1.0,8.0,-245.34999999999997,-263.76,18.41,348.98,13.36
1363385,13633853,500,MM  ,Y ,1995-07-20,,504.61,1720.35,18:02,8.0,0.0,12.0,3.0,3.0,5.0,1215.74,1190.9,24.84,1720.35,11.133333333333333
1363284,13632843,500,MM  ,Y ,1992-01-26,,1454.16,860.93,17:31,5.0,0.0,12.0,4.0,5.0,5.0,-592.6000000000001,-619.01,26.41,860.93,12.0
1362508,13625083,100,BS  ,Y ,1989-10-01,,121.64,255.11,18:52,8.0,0.0,12.0,2.0,4.0,7.0,133.46999999999994,130.07999999999987,3.39,255.11,10.875
1363141,13631413,100,BS  ,Y ,1994-11-11,,177.33,528.57,17:30,8.0,0.0,12.0,3.0,1.0,7.0,351.24,348.35,2.89,528.57,12.1
1363038,13630383,100,BS  ,Y ,1995-02-20,,333.53,508.26,17:48,6.0,0.0,12.0,3.0,5.0,7.0,174.90999999999988,163.5900000000002,11.32,508.26,10.4375
1362529,13625293,100,BS  ,Y ,1992-11-15,,662.06,873.14,20:53,5.0,0.0,12.0,1.0,1.0,2.0,212.70000000000005,201.92000000000007,10.78,873.14,16.7
1362895,13628953,100,BS  ,Y ,1995-06-27,,169.96,96.25,18:59,4.0,3.0,12.0,2.0,2.0,5.0,-73.71000000000001,-76.33,2.62,96.25,12.37037037037037
1362855,13628553,100,BS  ,Y ,1995-03-21,,167.71,161.04,20:01,8.0,0.0,12.0,3.0,2.0,6.0,-6.670000000000004,-8.75,2.08,161.04,11.133333333333333
